{
	"credit": "Made with Blockbench",
	"texture_size": [32, 32],
	"textures": {
		"0": "block/quartz_block_bottom",
		"1": "block/glass_color",
		"particle": "block/quartz_block_bottom"
	},
	"elements": [
		{
			"from": [0, 31, 1],
			"to": [3, 32, 15],
			"faces": {
				"north": {"uv": [0, 0, 3, 1], "texture": "#0"},
				"east": {"uv": [0, 0, 14, 1], "texture": "#0"},
				"south": {"uv": [0, 0, 3, 1], "texture": "#0"},
				"west": {"uv": [0, 0, 14, 1], "texture": "#0"},
				"up": {"uv": [0, 0, 3, 14], "texture": "#0"},
				"down": {"uv": [0, 0, 3, 14], "texture": "#0"}
			}
		},
		{
			"from": [0, 0, 0],
			"to": [3, 32, 1],
			"faces": {
				"north": {"uv": [0, 0, 3, 16], "texture": "#0"},
				"east": {"uv": [0, 0, 1, 16], "texture": "#0"},
				"south": {"uv": [0, 0, 3, 16], "texture": "#0"},
				"west": {"uv": [0, 0, 1, 16], "texture": "#0"},
				"up": {"uv": [0, 0, 3, 1], "texture": "#0"},
				"down": {"uv": [0, 0, 3, 1], "texture": "#0"}
			}
		},
		{
			"from": [1, 1, 2],
			"to": [2, 2, 14],
			"faces": {
				"north": {"uv": [7, 3, 7.5, 3.5], "texture": "#1"},
				"east": {"uv": [5, 1, 11, 1.5], "texture": "#1"},
				"south": {"uv": [7, 3.5, 7.5, 4], "texture": "#1"},
				"west": {"uv": [5, 1.5, 11, 2], "texture": "#1"},
				"up": {"uv": [5.5, 8, 5, 2], "texture": "#1"},
				"down": {"uv": [6, 2, 5.5, 8], "texture": "#1"}
			}
		},
		{
			"from": [1, 27, 3],
			"to": [2, 28, 4],
			"faces": {
				"north": {"uv": [6.5, 3.5, 7, 4], "texture": "#1"},
				"east": {"uv": [6.5, 4, 7, 4.5], "texture": "#1"},
				"south": {"uv": [6.5, 4.5, 7, 5], "texture": "#1"},
				"west": {"uv": [6.5, 5, 7, 5.5], "texture": "#1"},
				"up": {"uv": [7, 6, 6.5, 5.5], "texture": "#1"},
				"down": {"uv": [6.5, 6.5, 6, 7], "texture": "#1"}
			}
		},
		{
			"from": [1, 28, 4],
			"to": [2, 29, 5],
			"faces": {
				"north": {"uv": [6, 5, 6.5, 5.5], "texture": "#1"},
				"east": {"uv": [6, 5.5, 6.5, 6], "texture": "#1"},
				"south": {"uv": [6, 6, 6.5, 6.5], "texture": "#1"},
				"west": {"uv": [6.5, 2, 7, 2.5], "texture": "#1"},
				"up": {"uv": [7, 3, 6.5, 2.5], "texture": "#1"},
				"down": {"uv": [7, 3, 6.5, 3.5], "texture": "#1"}
			}
		},
		{
			"from": [1, 3, 11],
			"to": [2, 4, 12],
			"faces": {
				"north": {"uv": [4, 7, 4.5, 7.5], "texture": "#1"},
				"east": {"uv": [7, 4, 7.5, 4.5], "texture": "#1"},
				"south": {"uv": [4.5, 7, 5, 7.5], "texture": "#1"},
				"west": {"uv": [7, 4.5, 7.5, 5], "texture": "#1"},
				"up": {"uv": [7.5, 5.5, 7, 5], "texture": "#1"},
				"down": {"uv": [7.5, 5.5, 7, 6], "texture": "#1"}
			}
		},
		{
			"from": [1, 4, 12],
			"to": [2, 5, 13],
			"faces": {
				"north": {"uv": [6, 2, 6.5, 2.5], "texture": "#1"},
				"east": {"uv": [6, 2.5, 6.5, 3], "texture": "#1"},
				"south": {"uv": [6, 3, 6.5, 3.5], "texture": "#1"},
				"west": {"uv": [6, 3.5, 6.5, 4], "texture": "#1"},
				"up": {"uv": [6.5, 4.5, 6, 4], "texture": "#1"},
				"down": {"uv": [6.5, 4.5, 6, 5], "texture": "#1"}
			}
		},
		{
			"from": [1, 30, 2],
			"to": [2, 31, 14],
			"faces": {
				"north": {"uv": [6.5, 6, 7, 6.5], "texture": "#1"},
				"east": {"uv": [4, 0, 10, 0.5], "texture": "#1"},
				"south": {"uv": [6.5, 6.5, 7, 7], "texture": "#1"},
				"west": {"uv": [4, 0.5, 10, 1], "texture": "#1"},
				"up": {"uv": [4.5, 7, 4, 1], "texture": "#1"},
				"down": {"uv": [5, 1, 4.5, 7], "texture": "#1"}
			}
		},
		{
			"from": [1, 1, 1],
			"to": [2, 31, 2],
			"faces": {
				"north": {"uv": [0, 0, 0.5, 15], "texture": "#1"},
				"east": {"uv": [0.5, 0, 1, 15], "texture": "#1"},
				"south": {"uv": [1, 0, 1.5, 15], "texture": "#1"},
				"west": {"uv": [1.5, 0, 2, 15], "texture": "#1"},
				"up": {"uv": [7.5, 2.5, 7, 2], "texture": "#1"},
				"down": {"uv": [7.5, 2.5, 7, 3], "texture": "#1"}
			}
		},
		{
			"from": [1, 1, 14],
			"to": [2, 31, 15],
			"faces": {
				"north": {"uv": [2, 0, 2.5, 15], "texture": "#1"},
				"east": {"uv": [2.5, 0, 3, 15], "texture": "#1"},
				"south": {"uv": [3, 0, 3.5, 15], "texture": "#1"},
				"west": {"uv": [3.5, 0, 4, 15], "texture": "#1"},
				"up": {"uv": [6.5, 7.5, 6, 7], "texture": "#1"},
				"down": {"uv": [7.5, 6, 7, 6.5], "texture": "#1"}
			}
		},
		{
			"from": [0, 0, 1],
			"to": [3, 1, 15],
			"faces": {
				"north": {"uv": [0, 0, 3, 1], "texture": "#0"},
				"east": {"uv": [0, 0, 14, 1], "texture": "#0"},
				"south": {"uv": [0, 0, 3, 1], "texture": "#0"},
				"west": {"uv": [0, 0, 14, 1], "texture": "#0"},
				"up": {"uv": [0, 0, 3, 14], "texture": "#0"},
				"down": {"uv": [0, 0, 3, 14], "texture": "#0"}
			}
		},
		{
			"from": [0, 0, 15],
			"to": [3, 32, 16],
			"faces": {
				"north": {"uv": [0, 0, 3, 16], "texture": "#0"},
				"east": {"uv": [0, 0, 1, 16], "texture": "#0"},
				"south": {"uv": [0, 0, 3, 16], "texture": "#0"},
				"west": {"uv": [0, 0, 1, 16], "texture": "#0"},
				"up": {"uv": [0, 0, 3, 1], "texture": "#0"},
				"down": {"uv": [0, 0, 3, 1], "texture": "#0"}
			}
		}
	],
	"display": {
		"thirdperson_righthand": {
			"translation": [3.5, 0, 1.5],
			"scale": [0.5, 0.5, 0.5]
		},
		"gui": {
			"rotation": [0, 90, 0],
			"translation": [0, -3.25, 0],
			"scale": [1, 0.4, 0.4]
		},
		"fixed": {
			"rotation": [0, 90, 0],
			"translation": [0, -3.5, -6],
			"scale": [0.5, 0.5, 0.5]
		}
	}
}