{
	"credit": "Made with Blockbench",
	"textures": {
		"0": "item/quartz_block_bottom",
		"1": "item/wool_colored_red",
		"particle": "item/quartz_block_bottom"
	},
	"elements": [
		{
			"from": [14, 8, 1],
			"to": [26, 9, 3],
			"rotation": {"angle": -45, "axis": "y", "origin": [0, 0, 6]},
			"faces": {
				"north": {"uv": [0, 0, 11, 1], "texture": "#0"},
				"east": {"uv": [0, 0, 2, 1], "texture": "#0"},
				"south": {"uv": [0, 0, 11, 1], "texture": "#0"},
				"west": {"uv": [0, 0, 2, 1], "texture": "#0"},
				"up": {"uv": [0, 0, 11, 2], "texture": "#0"},
				"down": {"uv": [0, 0, 11, 2], "texture": "#0"}
			}
		},
		{
			"from": [8, 0, 7],
			"to": [20, 1, 9],
			"rotation": {"angle": -45, "axis": "y", "origin": [0, 0, 6]},
			"faces": {
				"north": {"uv": [0, 0, 11, 1], "texture": "#0"},
				"east": {"uv": [0, 0, 2, 1], "texture": "#0"},
				"south": {"uv": [0, 0, 11, 1], "texture": "#0"},
				"west": {"uv": [0, 0, 2, 1], "texture": "#0"},
				"up": {"uv": [0, 0, 11, 2], "texture": "#0"},
				"down": {"uv": [0, 0, 11, 2], "texture": "#0"}
			}
		},
		{
			"from": [3.5, 0, 2],
			"to": [5.5, 1, 14],
			"rotation": {"angle": 0, "axis": "y", "origin": [0, 0, 6]},
			"faces": {
				"north": {"uv": [0, 0, 2, 1], "texture": "#0"},
				"east": {"uv": [0, 0, 12, 1], "texture": "#0"},
				"south": {"uv": [0, 0, 2, 1], "texture": "#0"},
				"west": {"uv": [0, 0, 12, 1], "texture": "#0"},
				"up": {"uv": [0, 0, 12, 2], "rotation": 90, "texture": "#0"},
				"down": {"uv": [0, 0, 12, 2], "rotation": 270, "texture": "#0"}
			}
		},
		{
			"from": [2, 3, 12],
			"to": [4, 14, 14],
			"rotation": {"angle": -45, "axis": "z", "origin": [0, 0, 6]},
			"faces": {
				"north": {"uv": [0, 0, 2, 11], "texture": "#0"},
				"east": {"uv": [0, 0, 2, 11], "texture": "#0"},
				"south": {"uv": [0, 0, 2, 11], "texture": "#0"},
				"west": {"uv": [0, 0, 2, 11], "texture": "#0"},
				"up": {"uv": [0, 0, 2, 2], "texture": "#0"},
				"down": {"uv": [0, 0, 2, 2], "texture": "#0"}
			}
		},
		{
			"from": [11.5, 7, 2],
			"to": [13.5, 9, 14],
			"rotation": {"angle": 0, "axis": "y", "origin": [0, 0, 6]},
			"faces": {
				"north": {"uv": [0, 0, 2, 1], "texture": "#0"},
				"east": {"uv": [0, 0, 12, 1], "texture": "#0"},
				"south": {"uv": [0, 0, 2, 1], "texture": "#0"},
				"west": {"uv": [0, 0, 12, 1], "texture": "#0"},
				"up": {"uv": [0, 0, 12, 2], "rotation": 90, "texture": "#0"},
				"down": {"uv": [0, 0, 12, 2], "rotation": 270, "texture": "#0"}
			}
		},
		{
			"from": [7, 9, 20],
			"to": [10, 20, 22],
			"rotation": {"angle": -45, "axis": "z", "origin": [0, 0, 6]},
			"faces": {
				"north": {"uv": [0, 0, 2, 11], "texture": "#0"},
				"east": {"uv": [0, 0, 2, 11], "texture": "#0"},
				"south": {"uv": [0, 0, 2, 11], "texture": "#0"},
				"west": {"uv": [0, 0, 2, 11], "texture": "#0"},
				"up": {"uv": [0, 0, 2, 2], "texture": "#0"},
				"down": {"uv": [0, 0, 2, 2], "texture": "#0"}
			}
		},
		{
			"from": [2, 3, 2],
			"to": [4, 14, 4],
			"rotation": {"angle": -45, "axis": "z", "origin": [0, 0, 6]},
			"faces": {
				"north": {"uv": [0, 0, 2, 11], "texture": "#0"},
				"east": {"uv": [0, 0, 2, 11], "texture": "#0"},
				"south": {"uv": [0, 0, 2, 11], "texture": "#0"},
				"west": {"uv": [0, 0, 2, 11], "texture": "#0"},
				"up": {"uv": [0, 0, 2, 2], "texture": "#0"},
				"down": {"uv": [0, 0, 2, 2], "texture": "#0"}
			}
		},
		{
			"from": [5, 0, 6],
			"to": [17, 1, 8],
			"rotation": {"angle": 45, "axis": "y", "origin": [0, 0, 6]},
			"faces": {
				"north": {"uv": [0, 0, 11, 1], "texture": "#0"},
				"east": {"uv": [0, 0, 2, 1], "texture": "#0"},
				"south": {"uv": [0, 0, 11, 1], "texture": "#0"},
				"west": {"uv": [0, 0, 2, 1], "texture": "#0"},
				"up": {"uv": [0, 0, 11, 2], "texture": "#0"},
				"down": {"uv": [0, 0, 11, 2], "texture": "#0"}
			}
		},
		{
			"from": [7, 9, -6],
			"to": [10, 21, -4],
			"rotation": {"angle": -45, "axis": "z", "origin": [0, 0, 6]},
			"faces": {
				"north": {"uv": [0, 0, 2, 11], "texture": "#0"},
				"east": {"uv": [0, 0, 2, 11], "texture": "#0"},
				"south": {"uv": [0, 0, 2, 11], "texture": "#0"},
				"west": {"uv": [0, 0, 2, 11], "texture": "#0"},
				"up": {"uv": [0, 0, 2, 2], "texture": "#0"},
				"down": {"uv": [0, 0, 2, 2], "texture": "#0"}
			}
		},
		{
			"from": [11, 8, 12],
			"to": [23, 9, 14],
			"rotation": {"angle": 45, "axis": "y", "origin": [0, 0, 6]},
			"faces": {
				"north": {"uv": [0, 0, 11, 1], "texture": "#0"},
				"east": {"uv": [0, 0, 2, 1], "texture": "#0"},
				"south": {"uv": [0, 0, 11, 1], "texture": "#0"},
				"west": {"uv": [0, 0, 2, 1], "texture": "#0"},
				"up": {"uv": [0, 0, 11, 2], "texture": "#0"},
				"down": {"uv": [0, 0, 11, 2], "texture": "#0"}
			}
		},
		{
			"from": [5, 1, 4],
			"to": [6, 2, 12],
			"rotation": {"angle": 0, "axis": "z", "origin": [0, 0, 6]},
			"faces": {
				"north": {"uv": [0, 0, 1, 11], "texture": "#1"},
				"east": {"uv": [0, 0, 8, 11], "texture": "#1"},
				"south": {"uv": [0, 0, 1, 11], "texture": "#1"},
				"west": {"uv": [0, 0, 8, 11], "texture": "#1"},
				"up": {"uv": [0, 0, 1, 8], "texture": "#1"},
				"down": {"uv": [0, 0, 1, 8], "texture": "#1"}
			}
		},
		{
			"from": [6, 2, 4],
			"to": [7, 3, 12],
			"rotation": {"angle": 0, "axis": "z", "origin": [0, 0, 6]},
			"faces": {
				"north": {"uv": [0, 0, 1, 11], "texture": "#1"},
				"east": {"uv": [0, 0, 8, 11], "texture": "#1"},
				"south": {"uv": [0, 0, 1, 11], "texture": "#1"},
				"west": {"uv": [0, 0, 8, 11], "texture": "#1"},
				"up": {"uv": [0, 0, 1, 8], "texture": "#1"},
				"down": {"uv": [0, 0, 1, 8], "texture": "#1"}
			}
		},
		{
			"from": [7, 3, 4],
			"to": [8, 4, 12],
			"rotation": {"angle": 0, "axis": "z", "origin": [0, 0, 6]},
			"faces": {
				"north": {"uv": [0, 0, 1, 11], "texture": "#1"},
				"east": {"uv": [0, 0, 8, 11], "texture": "#1"},
				"south": {"uv": [0, 0, 1, 11], "texture": "#1"},
				"west": {"uv": [0, 0, 8, 11], "texture": "#1"},
				"up": {"uv": [0, 0, 1, 8], "texture": "#1"},
				"down": {"uv": [0, 0, 1, 8], "texture": "#1"}
			}
		},
		{
			"from": [8, 4, 4],
			"to": [9, 5, 12],
			"rotation": {"angle": 0, "axis": "z", "origin": [0, 0, 6]},
			"faces": {
				"north": {"uv": [0, 0, 1, 11], "texture": "#1"},
				"east": {"uv": [0, 0, 8, 11], "texture": "#1"},
				"south": {"uv": [0, 0, 1, 11], "texture": "#1"},
				"west": {"uv": [0, 0, 8, 11], "texture": "#1"},
				"up": {"uv": [0, 0, 1, 8], "texture": "#1"},
				"down": {"uv": [0, 0, 1, 8], "texture": "#1"}
			}
		},
		{
			"from": [13, 7, 2],
			"to": [15, 8, 14],
			"rotation": {"angle": 0, "axis": "z", "origin": [0, 0, 6]},
			"faces": {
				"north": {"uv": [0, 0, 1, 11], "texture": "#1"},
				"east": {"uv": [0, 0, 8, 11], "texture": "#1"},
				"south": {"uv": [0, 0, 1, 11], "texture": "#1"},
				"west": {"uv": [0, 0, 8, 11], "texture": "#1"},
				"up": {"uv": [0, 0, 1, 8], "texture": "#1"},
				"down": {"uv": [0, 0, 1, 8], "texture": "#1"}
			}
		},
		{
			"from": [15, 7, 1],
			"to": [16, 8, 15],
			"rotation": {"angle": 0, "axis": "z", "origin": [0, 0, 6]},
			"faces": {
				"north": {"uv": [0, 0, 1, 11], "texture": "#1"},
				"east": {"uv": [0, 0, 8, 11], "texture": "#1"},
				"south": {"uv": [0, 0, 1, 11], "texture": "#1"},
				"west": {"uv": [0, 0, 8, 11], "texture": "#1"},
				"up": {"uv": [0, 0, 1, 8], "texture": "#1"},
				"down": {"uv": [0, 0, 1, 8], "texture": "#1"}
			}
		},
		{
			"from": [17, 7, -1],
			"to": [18, 8, 17],
			"rotation": {"angle": 0, "axis": "z", "origin": [0, 0, 6]},
			"faces": {
				"north": {"uv": [0, 0, 1, 11], "texture": "#1"},
				"east": {"uv": [0, 0, 8, 11], "texture": "#1"},
				"south": {"uv": [0, 0, 1, 11], "texture": "#1"},
				"west": {"uv": [0, 0, 8, 11], "texture": "#1"},
				"up": {"uv": [0, 0, 1, 8], "texture": "#1"},
				"down": {"uv": [0, 0, 1, 8], "texture": "#1"}
			}
		},
		{
			"from": [16, 7, 0],
			"to": [17, 8, 16],
			"rotation": {"angle": 0, "axis": "z", "origin": [0, 0, 6]},
			"faces": {
				"north": {"uv": [0, 0, 1, 11], "texture": "#1"},
				"east": {"uv": [0, 0, 8, 11], "texture": "#1"},
				"south": {"uv": [0, 0, 1, 11], "texture": "#1"},
				"west": {"uv": [0, 0, 8, 11], "texture": "#1"},
				"up": {"uv": [0, 0, 1, 8], "texture": "#1"},
				"down": {"uv": [0, 0, 1, 8], "texture": "#1"}
			}
		},
		{
			"from": [9, 5, 4],
			"to": [10, 6, 12],
			"rotation": {"angle": 0, "axis": "z", "origin": [0, 0, 6]},
			"faces": {
				"north": {"uv": [0, 0, 1, 11], "texture": "#1"},
				"east": {"uv": [0, 0, 8, 11], "texture": "#1"},
				"south": {"uv": [0, 0, 1, 11], "texture": "#1"},
				"west": {"uv": [0, 0, 8, 11], "texture": "#1"},
				"up": {"uv": [0, 0, 1, 8], "texture": "#1"},
				"down": {"uv": [0, 0, 1, 8], "texture": "#1"}
			}
		},
		{
			"from": [10, 6, 4],
			"to": [11, 7, 12],
			"rotation": {"angle": 0, "axis": "z", "origin": [0, 0, 6]},
			"faces": {
				"north": {"uv": [0, 0, 1, 11], "texture": "#1"},
				"east": {"uv": [0, 0, 8, 11], "texture": "#1"},
				"south": {"uv": [0, 0, 1, 11], "texture": "#1"},
				"west": {"uv": [0, 0, 8, 11], "texture": "#1"},
				"up": {"uv": [0, 0, 1, 8], "texture": "#1"},
				"down": {"uv": [0, 0, 1, 8], "texture": "#1"}
			}
		},
		{
			"from": [11, 7, 4],
			"to": [12, 8, 12],
			"rotation": {"angle": 0, "axis": "z", "origin": [0, 0, 6]},
			"faces": {
				"north": {"uv": [0, 0, 1, 11], "texture": "#1"},
				"east": {"uv": [0, 0, 8, 11], "texture": "#1"},
				"south": {"uv": [0, 0, 1, 11], "texture": "#1"},
				"west": {"uv": [0, 0, 8, 11], "texture": "#1"},
				"up": {"uv": [0, 0, 1, 8], "texture": "#1"},
				"down": {"uv": [0, 0, 1, 8], "texture": "#1"}
			}
		},
		{
			"from": [-2, 1, 15],
			"to": [-1, 2, 26],
			"rotation": {"angle": 45, "axis": "y", "origin": [0, 0, 6]},
			"faces": {
				"north": {"uv": [0, 0, 2, 1], "texture": "#1"},
				"east": {"uv": [0, 0, 11, 1], "texture": "#1"},
				"south": {"uv": [0, 0, 2, 1], "texture": "#1"},
				"west": {"uv": [0, 0, 11, 1], "texture": "#1"},
				"up": {"uv": [0, 0, 11, 2], "rotation": 270, "texture": "#1"},
				"down": {"uv": [0, 0, 11, 2], "rotation": 90, "texture": "#1"}
			}
		},
		{
			"from": [-1, 2, 16],
			"to": [0, 3, 27],
			"rotation": {"angle": 45, "axis": "y", "origin": [0, 0, 6]},
			"faces": {
				"north": {"uv": [0, 0, 2, 1], "texture": "#1"},
				"east": {"uv": [0, 0, 11, 1], "texture": "#1"},
				"south": {"uv": [0, 0, 2, 1], "texture": "#1"},
				"west": {"uv": [0, 0, 11, 1], "texture": "#1"},
				"up": {"uv": [0, 0, 11, 2], "rotation": 270, "texture": "#1"},
				"down": {"uv": [0, 0, 11, 2], "rotation": 90, "texture": "#1"}
			}
		},
		{
			"from": [0, 3, 16],
			"to": [1, 4, 27],
			"rotation": {"angle": 45, "axis": "y", "origin": [0, 0, 6]},
			"faces": {
				"north": {"uv": [0, 0, 2, 1], "texture": "#1"},
				"east": {"uv": [0, 0, 11, 1], "texture": "#1"},
				"south": {"uv": [0, 0, 2, 1], "texture": "#1"},
				"west": {"uv": [0, 0, 11, 1], "texture": "#1"},
				"up": {"uv": [0, 0, 11, 2], "rotation": 270, "texture": "#1"},
				"down": {"uv": [0, 0, 11, 2], "rotation": 90, "texture": "#1"}
			}
		},
		{
			"from": [1, 4, 16],
			"to": [2, 5, 28],
			"rotation": {"angle": 45, "axis": "y", "origin": [0, 0, 6]},
			"faces": {
				"north": {"uv": [0, 0, 2, 1], "texture": "#1"},
				"east": {"uv": [0, 0, 11, 1], "texture": "#1"},
				"south": {"uv": [0, 0, 2, 1], "texture": "#1"},
				"west": {"uv": [0, 0, 11, 1], "texture": "#1"},
				"up": {"uv": [0, 0, 11, 2], "rotation": 270, "texture": "#1"},
				"down": {"uv": [0, 0, 11, 2], "rotation": 90, "texture": "#1"}
			}
		},
		{
			"from": [2, 5, 18],
			"to": [3, 6, 29],
			"rotation": {"angle": 45, "axis": "y", "origin": [0, 0, 6]},
			"faces": {
				"north": {"uv": [0, 0, 2, 1], "texture": "#1"},
				"east": {"uv": [0, 0, 11, 1], "texture": "#1"},
				"south": {"uv": [0, 0, 2, 1], "texture": "#1"},
				"west": {"uv": [0, 0, 11, 1], "texture": "#1"},
				"up": {"uv": [0, 0, 11, 2], "rotation": 270, "texture": "#1"},
				"down": {"uv": [0, 0, 11, 2], "rotation": 90, "texture": "#1"}
			}
		},
		{
			"from": [3, 6, 18],
			"to": [4, 7, 29],
			"rotation": {"angle": 45, "axis": "y", "origin": [0, 0, 6]},
			"faces": {
				"north": {"uv": [0, 0, 2, 1], "texture": "#1"},
				"east": {"uv": [0, 0, 11, 1], "texture": "#1"},
				"south": {"uv": [0, 0, 2, 1], "texture": "#1"},
				"west": {"uv": [0, 0, 11, 1], "texture": "#1"},
				"up": {"uv": [0, 0, 11, 2], "rotation": 270, "texture": "#1"},
				"down": {"uv": [0, 0, 11, 2], "rotation": 90, "texture": "#1"}
			}
		},
		{
			"from": [3, 7, 18],
			"to": [3, 8, 29],
			"rotation": {"angle": 45, "axis": "y", "origin": [0, 0, 6]},
			"faces": {
				"north": {"uv": [0, 0, 2, 1], "texture": "#1"},
				"east": {"uv": [0, 0, 11, 1], "texture": "#1"},
				"south": {"uv": [0, 0, 2, 1], "texture": "#1"},
				"west": {"uv": [0, 0, 11, 1], "texture": "#1"},
				"up": {"uv": [0, 0, 11, 2], "rotation": 270, "texture": "#1"},
				"down": {"uv": [0, 0, 11, 2], "rotation": 90, "texture": "#1"}
			}
		},
		{
			"from": [6, 1, 7],
			"to": [17, 2, 8],
			"rotation": {"angle": 45, "axis": "y", "origin": [0, 0, 6]},
			"faces": {
				"north": {"uv": [0, 0, 11, 1], "texture": "#1"},
				"east": {"uv": [0, 0, 2, 1], "texture": "#1"},
				"south": {"uv": [0, 0, 11, 1], "texture": "#1"},
				"west": {"uv": [0, 0, 2, 1], "texture": "#1"},
				"up": {"uv": [0, 0, 11, 2], "texture": "#1"},
				"down": {"uv": [0, 0, 11, 2], "texture": "#1"}
			}
		},
		{
			"from": [7, 2, 8],
			"to": [18, 3, 9],
			"rotation": {"angle": 45, "axis": "y", "origin": [0, 0, 6]},
			"faces": {
				"north": {"uv": [0, 0, 11, 1], "texture": "#1"},
				"east": {"uv": [0, 0, 2, 1], "texture": "#1"},
				"south": {"uv": [0, 0, 11, 1], "texture": "#1"},
				"west": {"uv": [0, 0, 2, 1], "texture": "#1"},
				"up": {"uv": [0, 0, 11, 2], "texture": "#1"},
				"down": {"uv": [0, 0, 11, 2], "texture": "#1"}
			}
		},
		{
			"from": [7, 3, 9],
			"to": [18, 4, 10],
			"rotation": {"angle": 45, "axis": "y", "origin": [0, 0, 6]},
			"faces": {
				"north": {"uv": [0, 0, 11, 1], "texture": "#1"},
				"east": {"uv": [0, 0, 2, 1], "texture": "#1"},
				"south": {"uv": [0, 0, 11, 1], "texture": "#1"},
				"west": {"uv": [0, 0, 2, 1], "texture": "#1"},
				"up": {"uv": [0, 0, 11, 2], "texture": "#1"},
				"down": {"uv": [0, 0, 11, 2], "texture": "#1"}
			}
		},
		{
			"from": [7, 4, 10],
			"to": [19, 5, 11],
			"rotation": {"angle": 45, "axis": "y", "origin": [0, 0, 6]},
			"faces": {
				"north": {"uv": [0, 0, 11, 1], "texture": "#1"},
				"east": {"uv": [0, 0, 2, 1], "texture": "#1"},
				"south": {"uv": [0, 0, 11, 1], "texture": "#1"},
				"west": {"uv": [0, 0, 2, 1], "texture": "#1"},
				"up": {"uv": [0, 0, 11, 2], "texture": "#1"},
				"down": {"uv": [0, 0, 11, 2], "texture": "#1"}
			}
		},
		{
			"from": [9, 5, 11],
			"to": [20, 6, 12],
			"rotation": {"angle": 45, "axis": "y", "origin": [0, 0, 6]},
			"faces": {
				"north": {"uv": [0, 0, 11, 1], "texture": "#1"},
				"east": {"uv": [0, 0, 2, 1], "texture": "#1"},
				"south": {"uv": [0, 0, 11, 1], "texture": "#1"},
				"west": {"uv": [0, 0, 2, 1], "texture": "#1"},
				"up": {"uv": [0, 0, 11, 2], "texture": "#1"},
				"down": {"uv": [0, 0, 11, 2], "texture": "#1"}
			}
		},
		{
			"from": [9, 6, 12],
			"to": [21, 7, 13],
			"rotation": {"angle": 45, "axis": "y", "origin": [0, 0, 6]},
			"faces": {
				"north": {"uv": [0, 0, 11, 1], "texture": "#1"},
				"east": {"uv": [0, 0, 2, 1], "texture": "#1"},
				"south": {"uv": [0, 0, 11, 1], "texture": "#1"},
				"west": {"uv": [0, 0, 2, 1], "texture": "#1"},
				"up": {"uv": [0, 0, 11, 2], "texture": "#1"},
				"down": {"uv": [0, 0, 11, 2], "texture": "#1"}
			}
		},
		{
			"from": [9, 7, 13],
			"to": [22, 8, 14],
			"rotation": {"angle": 45, "axis": "y", "origin": [0, 0, 6]},
			"faces": {
				"north": {"uv": [0, 0, 11, 1], "texture": "#1"},
				"east": {"uv": [0, 0, 2, 1], "texture": "#1"},
				"south": {"uv": [0, 0, 11, 1], "texture": "#1"},
				"west": {"uv": [0, 0, 2, 1], "texture": "#1"},
				"up": {"uv": [0, 0, 11, 2], "texture": "#1"},
				"down": {"uv": [0, 0, 11, 2], "texture": "#1"}
			}
		}
	],
	"groups": [
		{
			"name": "structure",
			"origin": [0, 0, 6],
			"color": 0,
			"children": [0, 1, 2, 3, 4, 5, 6, 7, 8, 9]
		},
		{
			"name": "front",
			"origin": [0, 0, 6],
			"color": 0,
			"children": [10, 11, 12, 13, 14, 15, 16, 17, 18, 19, 20]
		},
		{
			"name": "left",
			"origin": [0, 0, 6],
			"color": 0,
			"children": [21, 22, 23, 24, 25, 26, 27]
		},
		{
			"name": "right",
			"origin": [0, 0, 6],
			"color": 0,
			"children": [28, 29, 30, 31, 32, 33, 34]
		}
	]
}