{
	"credit": "Made with Blockbench",
	"texture_size": [64, 64],
	"textures": {
		"0": "item/smooth_sandstone",
		"1": "item/side",
		"particle": "smooth_sandstone"
	},
	"elements": [
		{
			"from": [1, 0, 1],
			"to": [15, 3, 15],
			"faces": {
				"north": {"uv": [0, 7, 3.5, 7.75], "texture": "#1"},
				"east": {"uv": [7.5, 0, 11, 0.75], "texture": "#1"},
				"south": {"uv": [7.5, 0.75, 11, 1.5], "texture": "#1"},
				"west": {"uv": [7.5, 1.5, 11, 2.25], "texture": "#1"},
				"up": {"uv": [3.5, 3.5, 0, 0], "texture": "#1"},
				"down": {"uv": [3.5, 3.5, 0, 7], "texture": "#1"}
			}
		},
		{
			"from": [1, 3, 1],
			"to": [15, 4, 15],
			"faces": {
				"north": {"uv": [5.44, 1.6, 9.94667, 2.17333], "texture": "#missing"},
				"east": {"uv": [10.02667, 9.6, 13.89333, 7.82667], "texture": "#missing"},
				"south": {"uv": [0, 0, 3.5, 0.25], "texture": "#missing"},
				"west": {"uv": [0, 0, 3.5, 0.25], "texture": "#missing"},
				"up": {"uv": [5.28, 1.6, 10.90667, 5.57333], "texture": "#0"},
				"down": {"uv": [0, 0, 3.5, 3.5], "texture": "#missing"}
			}
		},
		{
			"from": [0, 0, 0],
			"to": [16, 5, 1],
			"faces": {
				"north": {"uv": [3.5, 0, 7.5, 1.25], "texture": "#1"},
				"east": {"uv": [7.5, 3.25, 7.75, 4.5], "texture": "#1"},
				"south": {"uv": [3.5, 1.25, 7.5, 2.5], "texture": "#1"},
				"west": {"uv": [4.5, 7.5, 4.75, 8.75], "texture": "#1"},
				"up": {"uv": [11.5, 2.5, 7.5, 2.25], "texture": "#1"},
				"down": {"uv": [11.5, 2.5, 7.5, 2.75], "texture": "#1"}
			}
		},
		{
			"from": [15, 0, 0],
			"to": [16, 5, 15],
			"faces": {
				"north": {"uv": [4.75, 7.5, 5, 8.75], "texture": "#1"},
				"east": {"uv": [3.5, 5, 7.25, 6.25], "texture": "#1"},
				"south": {"uv": [5, 7.5, 5.25, 8.75], "texture": "#1"},
				"west": {"uv": [3.5, 6.25, 7.25, 7.5], "texture": "#1"},
				"up": {"uv": [3.75, 11.25, 3.5, 7.5], "texture": "#1"},
				"down": {"uv": [4, 7.5, 3.75, 11.25], "texture": "#1"}
			}
		},
		{
			"from": [0, 0, 0],
			"to": [1, 5, 15],
			"faces": {
				"north": {"uv": [5.25, 7.5, 5.5, 8.75], "texture": "#1"},
				"east": {"uv": [7.25, 5, 11, 6.25], "texture": "#1"},
				"south": {"uv": [5.5, 7.5, 5.75, 8.75], "texture": "#1"},
				"west": {"uv": [7.25, 6.25, 11, 7.5], "texture": "#1"},
				"up": {"uv": [4.25, 11.25, 4, 7.5], "texture": "#1"},
				"down": {"uv": [4.5, 7.5, 4.25, 11.25], "texture": "#1"}
			}
		},
		{
			"from": [0, 0, 15],
			"to": [16, 5, 16],
			"faces": {
				"north": {"uv": [3.5, 2.5, 7.5, 3.75], "texture": "#1"},
				"east": {"uv": [5.75, 7.5, 6, 8.75], "texture": "#1"},
				"south": {"uv": [3.5, 3.75, 7.5, 5], "texture": "#1"},
				"west": {"uv": [6, 7.5, 6.25, 8.75], "texture": "#1"},
				"up": {"uv": [11.5, 3, 7.5, 2.75], "texture": "#1"},
				"down": {"uv": [11.5, 3, 7.5, 3.25], "texture": "#1"}
			}
		}
	],
	"groups": [
		{
			"name": "bone",
			"origin": [0, 0, 0],
			"color": 0,
			"children": [0, 1, 2, 3, 4, 5]
		}
	]
}