{
	"credit": "Made with Blockbench",
	"texture_size": [64, 32],
	"textures": {
		"0": "item/bedrock",
		"2": "item/wool_colored_silver",
		"particle": "item/bedrock"
	},
	"elements": [
		{
			"from": [7, 6, 13],
			"to": [9, 10, 14],
			"rotation": {"angle": 0, "axis": "z", "origin": [17, 2, 16]},
			"faces": {
				"north": {"uv": [0, 0, 16, 14], "rotation": 270, "texture": "#0"},
				"east": {"uv": [0, 0, 16, 6], "rotation": 90, "texture": "#0"},
				"south": {"uv": [0, 0, 16, 14], "rotation": 270, "texture": "#0"},
				"west": {"uv": [0, 0, 16, 10], "rotation": 270, "texture": "#0"},
				"up": {"uv": [0, 0, 16, 14], "texture": "#0"},
				"down": {"uv": [0, 0, 16, 16], "rotation": 180, "texture": "#0"}
			}
		},
		{
			"from": [7, 4, 12],
			"to": [9, 6, 13],
			"rotation": {"angle": 0, "axis": "z", "origin": [17, 2, 16]},
			"faces": {
				"north": {"uv": [0, 0, 16, 14], "rotation": 270, "texture": "#0"},
				"east": {"uv": [0, 0, 16, 16], "rotation": 90, "texture": "#0"},
				"south": {"uv": [0, 0, 16, 14], "rotation": 270, "texture": "#0"},
				"west": {"uv": [0, 0, 16, 10], "rotation": 270, "texture": "#0"},
				"up": {"uv": [0, 0, 16, 9], "texture": "#0"},
				"down": {"uv": [0, 0, 16, 11], "rotation": 180, "texture": "#0"}
			}
		},
		{
			"from": [7, 3, 10],
			"to": [9, 4, 12],
			"rotation": {"angle": 0, "axis": "z", "origin": [17, 2, 16]},
			"faces": {
				"north": {"uv": [0, 0, 16, 14], "rotation": 270, "texture": "#0"},
				"east": {"uv": [0, 0, 16, 16], "rotation": 90, "texture": "#0"},
				"south": {"uv": [0, 0, 16, 14], "rotation": 270, "texture": "#0"},
				"west": {"uv": [0, 0, 16, 10], "rotation": 270, "texture": "#0"},
				"up": {"uv": [0, 0, 16, 9], "texture": "#0"},
				"down": {"uv": [0, 0, 16, 11], "rotation": 180, "texture": "#0"}
			}
		},
		{
			"from": [7, 2, 6],
			"to": [9, 3, 10],
			"rotation": {"angle": 0, "axis": "z", "origin": [17, 2, 16]},
			"faces": {
				"north": {"uv": [0, 0, 16, 14], "rotation": 270, "texture": "#0"},
				"east": {"uv": [0, 0, 16, 16], "rotation": 90, "texture": "#0"},
				"south": {"uv": [0, 0, 16, 14], "rotation": 270, "texture": "#0"},
				"west": {"uv": [0, 0, 16, 10], "rotation": 270, "texture": "#0"},
				"up": {"uv": [0, 0, 16, 9], "texture": "#0"},
				"down": {"uv": [0, 0, 16, 11], "rotation": 180, "texture": "#0"}
			}
		},
		{
			"from": [7, 4, 3],
			"to": [9, 6, 4],
			"rotation": {"angle": 0, "axis": "z", "origin": [17, 2, 16]},
			"faces": {
				"north": {"uv": [0, 0, 16, 14], "rotation": 270, "texture": "#0"},
				"east": {"uv": [0, 0, 16, 16], "rotation": 90, "texture": "#0"},
				"south": {"uv": [0, 0, 16, 14], "rotation": 270, "texture": "#0"},
				"west": {"uv": [0, 0, 16, 10], "rotation": 270, "texture": "#0"},
				"up": {"uv": [0, 0, 16, 9], "texture": "#0"},
				"down": {"uv": [0, 0, 16, 11], "rotation": 180, "texture": "#0"}
			}
		},
		{
			"from": [7, 3, 4],
			"to": [9, 4, 6],
			"rotation": {"angle": 0, "axis": "z", "origin": [17, 2, 16]},
			"faces": {
				"north": {"uv": [0, 0, 16, 14], "rotation": 270, "texture": "#0"},
				"east": {"uv": [0, 0, 16, 16], "rotation": 90, "texture": "#0"},
				"south": {"uv": [0, 0, 16, 14], "rotation": 270, "texture": "#0"},
				"west": {"uv": [0, 0, 16, 10], "rotation": 270, "texture": "#0"},
				"up": {"uv": [0, 0, 16, 9], "texture": "#0"},
				"down": {"uv": [0, 0, 16, 11], "rotation": 180, "texture": "#0"}
			}
		},
		{
			"from": [7, 6, 2],
			"to": [9, 10, 3],
			"rotation": {"angle": 0, "axis": "z", "origin": [17, 2, 16]},
			"faces": {
				"north": {"uv": [0, 0, 16, 14], "rotation": 270, "texture": "#0"},
				"east": {"uv": [0, 0, 16, 6], "rotation": 90, "texture": "#0"},
				"south": {"uv": [0, 0, 16, 14], "rotation": 270, "texture": "#0"},
				"west": {"uv": [0, 0, 16, 10], "rotation": 270, "texture": "#0"},
				"up": {"uv": [0, 0, 16, 14], "texture": "#0"},
				"down": {"uv": [0, 0, 16, 16], "rotation": 180, "texture": "#0"}
			}
		},
		{
			"from": [7, 10, 3],
			"to": [9, 12, 4],
			"rotation": {"angle": 0, "axis": "z", "origin": [17, 2, 16]},
			"faces": {
				"north": {"uv": [0, 0, 16, 14], "rotation": 270, "texture": "#0"},
				"east": {"uv": [0, 0, 16, 16], "rotation": 90, "texture": "#0"},
				"south": {"uv": [0, 0, 16, 14], "rotation": 270, "texture": "#0"},
				"west": {"uv": [0, 0, 16, 10], "rotation": 270, "texture": "#0"},
				"up": {"uv": [0, 0, 16, 9], "texture": "#0"},
				"down": {"uv": [0, 0, 16, 11], "rotation": 180, "texture": "#0"}
			}
		},
		{
			"from": [7, 13, 6],
			"to": [9, 14, 10],
			"rotation": {"angle": 0, "axis": "z", "origin": [17, 2, 16]},
			"faces": {
				"north": {"uv": [0, 0, 16, 14], "rotation": 270, "texture": "#0"},
				"east": {"uv": [0, 0, 16, 16], "rotation": 90, "texture": "#0"},
				"south": {"uv": [0, 0, 16, 14], "rotation": 270, "texture": "#0"},
				"west": {"uv": [0, 0, 16, 10], "rotation": 270, "texture": "#0"},
				"up": {"uv": [0, 0, 16, 9], "texture": "#0"},
				"down": {"uv": [0, 0, 16, 11], "rotation": 180, "texture": "#0"}
			}
		},
		{
			"from": [7, 12, 4],
			"to": [9, 13, 6],
			"rotation": {"angle": 0, "axis": "z", "origin": [17, 2, 16]},
			"faces": {
				"north": {"uv": [0, 0, 16, 14], "rotation": 270, "texture": "#0"},
				"east": {"uv": [0, 0, 16, 16], "rotation": 90, "texture": "#0"},
				"south": {"uv": [0, 0, 16, 14], "rotation": 270, "texture": "#0"},
				"west": {"uv": [0, 0, 16, 10], "rotation": 270, "texture": "#0"},
				"up": {"uv": [0, 0, 16, 9], "texture": "#0"},
				"down": {"uv": [0, 0, 16, 11], "rotation": 180, "texture": "#0"}
			}
		},
		{
			"from": [7, 12, 10],
			"to": [9, 13, 12],
			"rotation": {"angle": 0, "axis": "z", "origin": [17, 2, 16]},
			"faces": {
				"north": {"uv": [0, 0, 16, 14], "rotation": 270, "texture": "#0"},
				"east": {"uv": [0, 0, 16, 16], "rotation": 90, "texture": "#0"},
				"south": {"uv": [0, 0, 16, 14], "rotation": 270, "texture": "#0"},
				"west": {"uv": [0, 0, 16, 10], "rotation": 270, "texture": "#0"},
				"up": {"uv": [0, 0, 16, 9], "texture": "#0"},
				"down": {"uv": [0, 0, 16, 11], "rotation": 180, "texture": "#0"}
			}
		},
		{
			"from": [7, 10, 12],
			"to": [9, 12, 13],
			"rotation": {"angle": 0, "axis": "z", "origin": [17, 2, 16]},
			"faces": {
				"north": {"uv": [0, 0, 16, 14], "rotation": 270, "texture": "#0"},
				"east": {"uv": [0, 0, 16, 16], "rotation": 90, "texture": "#0"},
				"south": {"uv": [0, 0, 16, 14], "rotation": 270, "texture": "#0"},
				"west": {"uv": [0, 0, 16, 10], "rotation": 270, "texture": "#0"},
				"up": {"uv": [0, 0, 16, 9], "texture": "#0"},
				"down": {"uv": [0, 0, 16, 11], "rotation": 180, "texture": "#0"}
			}
		},
		{
			"from": [7, 3, 7.5],
			"to": [9, 13, 8.5],
			"rotation": {"angle": 0, "axis": "z", "origin": [17, 2, 16]},
			"faces": {
				"north": {"uv": [0, 0, 16, 16], "rotation": 270, "texture": "#2"},
				"east": {"uv": [0, 0, 16, 4], "rotation": 90, "texture": "#2"},
				"south": {"uv": [0, 0, 16, 16], "rotation": 270, "texture": "#2"},
				"west": {"uv": [0, 0, 16, 4], "rotation": 270, "texture": "#2"},
				"up": {"uv": [0, 0, 16, 4], "texture": "#2"},
				"down": {"uv": [0, 0, 16, 16], "rotation": 180, "texture": "#2"}
			}
		},
		{
			"from": [7, 7.1, 14],
			"to": [9, 17.1, 15],
			"rotation": {"angle": -45, "axis": "x", "origin": [17, 2, 16]},
			"faces": {
				"north": {"uv": [0, 0, 16, 16], "texture": "#2"},
				"east": {"uv": [0, 0, 4, 16], "texture": "#2"},
				"south": {"uv": [0, 0, 16, 16], "texture": "#2"},
				"west": {"uv": [0, 0, 4, 16], "texture": "#2"},
				"up": {"uv": [0, 0, 16, 16], "rotation": 90, "texture": "#2"},
				"down": {"uv": [0, 0, 0.5, 1], "rotation": 270, "texture": "#2"}
			}
		},
		{
			"from": [7, 7.5, 3],
			"to": [9, 8.5, 13],
			"rotation": {"angle": 0, "axis": "z", "origin": [17, 2, 16]},
			"faces": {
				"north": {"uv": [0, 0, 16, 16], "rotation": 270, "texture": "#2"},
				"east": {"uv": [0, 0, 4, 16], "rotation": 90, "texture": "#2"},
				"south": {"uv": [0, 0, 0.5, 1], "rotation": 270, "texture": "#2"},
				"west": {"uv": [0, 0, 4, 16], "rotation": 270, "texture": "#2"},
				"up": {"uv": [0, 0, 16, 16], "texture": "#2"},
				"down": {"uv": [0, 0, 16, 16], "rotation": 180, "texture": "#2"}
			}
		},
		{
			"from": [7, -4.4, 5.5],
			"to": [9, 5.6, 6.5],
			"rotation": {"angle": 45, "axis": "x", "origin": [18, 2, 16]},
			"faces": {
				"north": {"uv": [0, 0, 16, 16], "texture": "#2"},
				"east": {"uv": [0, 0, 4, 16], "texture": "#2"},
				"south": {"uv": [0, 0, 16, 16], "texture": "#2"},
				"west": {"uv": [0, 0, 4, 16], "texture": "#2"},
				"up": {"uv": [0, 0, 16, 16], "rotation": 90, "texture": "#2"},
				"down": {"uv": [0, 0, 0.5, 1], "rotation": 270, "texture": "#2"}
			}
		}
	],
	"groups": [
		{
			"name": "group",
			"origin": [18, 1, 22],
			"color": 0,
			"children": [
				{
					"name": "wheel",
					"origin": [0, 0, 0],
					"color": 0,
					"children": [0, 1, 2, 3, 4, 5, 6, 7, 8, 9, 10, 11]
				},
				{
					"name": "wheel_ basic",
					"origin": [18, 1, 22],
					"color": 0,
					"children": [12, 13, 14, 15]
				}
			]
		}
	]
}