{
	"credit": "Made with Blockbench",
	"texture_size": [64, 32],
	"textures": {
		"0": "item/bedrock",
		"1": "item/wool_colored_red",
		"2": "item/wool_colored_silver",
		"3": "item/quartz_block_bottom",
		"particle": "item/bedrock"
	},
	"elements": [
		{
			"from": [9, 13, 1],
			"to": [18, 24, 2],
			"faces": {
				"north": {"uv": [0, 0, 15.5, 16], "texture": "#0"},
				"east": {"uv": [5, 4, 12.5, 15], "texture": "#0"},
				"south": {"uv": [1, 6, 7.5, 14], "texture": "#0"},
				"west": {"uv": [10, 4, 14.5, 12], "texture": "#0"},
				"up": {"uv": [0, 12, 9, 16], "texture": "#0"},
				"down": {"uv": [0, 12, 8.5, 16], "texture": "#0"}
			}
		},
		{
			"from": [9, 13, 15],
			"to": [18, 24, 16],
			"faces": {
				"north": {"uv": [0, 0, 0.5, 1], "texture": "#0"},
				"east": {"uv": [0, 0, 0.5, 1], "texture": "#0"},
				"south": {"uv": [0, 0, 8.5, 16], "texture": "#0"},
				"west": {"uv": [0, 0, 8.5, 16], "texture": "#0"},
				"up": {"uv": [0, 0, 9, 16], "texture": "#0"},
				"down": {"uv": [0, 0, 8.5, 16], "texture": "#0"}
			}
		},
		{
			"from": [9, 12, 2],
			"to": [18, 25, 15],
			"faces": {
				"north": {"uv": [0, 0, 0.5, 1], "texture": "#0"},
				"east": {"uv": [0, 0, 0.5, 1], "texture": "#0"},
				"south": {"uv": [0, 0, 8.5, 16], "texture": "#0"},
				"west": {"uv": [0, 0, 8.5, 16], "texture": "#0"},
				"up": {"uv": [0, 0, 9, 16], "texture": "#0"},
				"down": {"uv": [0, 0, 8.5, 16], "texture": "#0"}
			}
		},
		{
			"from": [9, 25, 3],
			"to": [18, 26, 14],
			"faces": {
				"north": {"uv": [0, 0, 0.5, 1], "texture": "#0"},
				"east": {"uv": [0, 0, 0.5, 1], "texture": "#0"},
				"south": {"uv": [0, 0, 8.5, 16], "texture": "#0"},
				"west": {"uv": [0, 0, 8.5, 16], "texture": "#0"},
				"up": {"uv": [0, 0, 9, 16], "texture": "#0"},
				"down": {"uv": [0, 0, 8.5, 16], "texture": "#0"}
			}
		},
		{
			"from": [9, 11, 3],
			"to": [18, 12, 14],
			"faces": {
				"north": {"uv": [0, 0, 0.5, 1], "texture": "#0"},
				"east": {"uv": [0, 0, 0.5, 1], "texture": "#0"},
				"south": {"uv": [0, 0, 8.5, 16], "texture": "#0"},
				"west": {"uv": [0, 0, 8.5, 16], "texture": "#0"},
				"up": {"uv": [0, 0, 9, 16], "texture": "#0"},
				"down": {"uv": [0, 0, 8.5, 16], "texture": "#0"}
			}
		},
		{
			"from": [-2, 13, 1],
			"to": [7, 24, 2],
			"faces": {
				"north": {"uv": [0, 0, 15.5, 16], "texture": "#0"},
				"east": {"uv": [5, 4, 12.5, 15], "texture": "#0"},
				"south": {"uv": [1, 6, 7.5, 14], "texture": "#0"},
				"west": {"uv": [10, 4, 14.5, 12], "texture": "#0"},
				"up": {"uv": [0, 12, 9, 16], "texture": "#0"},
				"down": {"uv": [0, 12, 8.5, 16], "texture": "#0"}
			}
		},
		{
			"from": [-2, 13, 15],
			"to": [7, 24, 16],
			"faces": {
				"north": {"uv": [0, 0, 0.5, 1], "texture": "#0"},
				"east": {"uv": [0, 0, 0.5, 1], "texture": "#0"},
				"south": {"uv": [0, 0, 8.5, 16], "texture": "#0"},
				"west": {"uv": [0, 0, 8.5, 16], "texture": "#0"},
				"up": {"uv": [0, 0, 9, 16], "texture": "#0"},
				"down": {"uv": [0, 0, 8.5, 16], "texture": "#0"}
			}
		},
		{
			"from": [-2, 12, 2],
			"to": [7, 25, 15],
			"faces": {
				"north": {"uv": [0, 0, 0.5, 1], "texture": "#0"},
				"east": {"uv": [0, 0, 0.5, 1], "texture": "#0"},
				"south": {"uv": [0, 0, 8.5, 16], "texture": "#0"},
				"west": {"uv": [0, 0, 8.5, 16], "texture": "#0"},
				"up": {"uv": [0, 0, 9, 16], "texture": "#0"},
				"down": {"uv": [0, 0, 8.5, 16], "texture": "#0"}
			}
		},
		{
			"from": [-2, 25, 3],
			"to": [7, 26, 14],
			"faces": {
				"north": {"uv": [0, 0, 0.5, 1], "texture": "#0"},
				"east": {"uv": [0, 0, 0.5, 1], "texture": "#0"},
				"south": {"uv": [0, 0, 8.5, 16], "texture": "#0"},
				"west": {"uv": [0, 0, 8.5, 16], "texture": "#0"},
				"up": {"uv": [0, 0, 9, 16], "texture": "#0"},
				"down": {"uv": [0, 0, 8.5, 16], "texture": "#0"}
			}
		},
		{
			"from": [-2, 11, 3],
			"to": [7, 12, 14],
			"faces": {
				"north": {"uv": [0, 0, 0.5, 1], "texture": "#0"},
				"east": {"uv": [0, 0, 0.5, 1], "texture": "#0"},
				"south": {"uv": [0, 0, 8.5, 16], "texture": "#0"},
				"west": {"uv": [0, 0, 8.5, 16], "texture": "#0"},
				"up": {"uv": [0, 0, 9, 16], "texture": "#0"},
				"down": {"uv": [0, 0, 8.5, 16], "texture": "#0"}
			}
		},
		{
			"from": [-13, 13, 15],
			"to": [-4, 24, 16],
			"faces": {
				"north": {"uv": [0, 0, 0.5, 1], "texture": "#0"},
				"east": {"uv": [0, 0, 0.5, 1], "texture": "#0"},
				"south": {"uv": [0, 0, 0.5, 1], "texture": "#0"},
				"west": {"uv": [0, 0, 0.5, 1], "texture": "#0"},
				"up": {"uv": [0, 0, 0.5, 1], "texture": "#0"},
				"down": {"uv": [0, 0, 0.5, 1], "texture": "#0"}
			}
		},
		{
			"from": [-13, 12, 2],
			"to": [-4, 25, 15],
			"faces": {
				"north": {"uv": [0, 0, 0.5, 1], "texture": "#0"},
				"east": {"uv": [0, 0, 0.5, 1], "texture": "#0"},
				"south": {"uv": [0, 0, 0.5, 1], "texture": "#0"},
				"west": {"uv": [0, 0, 0.5, 1], "texture": "#0"},
				"up": {"uv": [0, 0, 0.5, 1], "texture": "#0"},
				"down": {"uv": [0, 0, 0.5, 1], "texture": "#0"}
			}
		},
		{
			"from": [-13, 25, 3],
			"to": [-4, 26, 14],
			"faces": {
				"north": {"uv": [0, 0, 0.5, 1], "texture": "#0"},
				"east": {"uv": [0, 0, 0.5, 1], "texture": "#0"},
				"south": {"uv": [0, 0, 0.5, 1], "texture": "#0"},
				"west": {"uv": [0, 0, 0.5, 1], "texture": "#0"},
				"up": {"uv": [0, 0, 0.5, 1], "texture": "#0"},
				"down": {"uv": [0, 0, 0.5, 1], "texture": "#0"}
			}
		},
		{
			"from": [-13, 11, 3],
			"to": [-4, 12, 14],
			"faces": {
				"north": {"uv": [0, 0, 0.5, 1], "texture": "#0"},
				"east": {"uv": [0, 0, 0.5, 1], "texture": "#0"},
				"south": {"uv": [0, 0, 0.5, 1], "texture": "#0"},
				"west": {"uv": [0, 0, 0.5, 1], "texture": "#0"},
				"up": {"uv": [0, 0, 0.5, 1], "texture": "#0"},
				"down": {"uv": [0, 0, 0.5, 1], "texture": "#0"}
			}
		},
		{
			"from": [-13, 13, 1],
			"to": [-4, 24, 2],
			"faces": {
				"north": {"uv": [0, 0, 15.5, 16], "texture": "#0"},
				"east": {"uv": [5, 4, 12.5, 15], "texture": "#0"},
				"south": {"uv": [1, 6, 7.5, 14], "texture": "#0"},
				"west": {"uv": [10, 4, 14.5, 12], "texture": "#0"},
				"up": {"uv": [0, 12, 9, 16], "texture": "#0"},
				"down": {"uv": [0, 12, 8.5, 16], "texture": "#0"}
			}
		},
		{
			"from": [-13, 13, 15],
			"to": [-4, 24, 16],
			"faces": {
				"north": {"uv": [0, 0, 0.5, 1], "texture": "#0"},
				"east": {"uv": [0, 0, 0.5, 1], "texture": "#0"},
				"south": {"uv": [0, 0, 8.5, 16], "texture": "#0"},
				"west": {"uv": [0, 0, 8.5, 16], "texture": "#0"},
				"up": {"uv": [0, 0, 9, 16], "texture": "#0"},
				"down": {"uv": [0, 0, 8.5, 16], "texture": "#0"}
			}
		},
		{
			"from": [-13, 12, 2],
			"to": [-4, 25, 15],
			"faces": {
				"north": {"uv": [0, 0, 0.5, 1], "texture": "#0"},
				"east": {"uv": [0, 0, 0.5, 1], "texture": "#0"},
				"south": {"uv": [0, 0, 8.5, 16], "texture": "#0"},
				"west": {"uv": [0, 0, 8.5, 16], "texture": "#0"},
				"up": {"uv": [0, 0, 9, 16], "texture": "#0"},
				"down": {"uv": [0, 0, 8.5, 16], "texture": "#0"}
			}
		},
		{
			"from": [-13, 25, 3],
			"to": [-4, 26, 14],
			"faces": {
				"north": {"uv": [0, 0, 0.5, 1], "texture": "#0"},
				"east": {"uv": [0, 0, 0.5, 1], "texture": "#0"},
				"south": {"uv": [0, 0, 8.5, 16], "texture": "#0"},
				"west": {"uv": [0, 0, 8.5, 16], "texture": "#0"},
				"up": {"uv": [0, 0, 9, 16], "texture": "#0"},
				"down": {"uv": [0, 0, 8.5, 16], "texture": "#0"}
			}
		},
		{
			"from": [-13, 11, 3],
			"to": [-4, 12, 14],
			"faces": {
				"north": {"uv": [0, 0, 0.5, 1], "texture": "#0"},
				"east": {"uv": [0, 0, 0.5, 1], "texture": "#0"},
				"south": {"uv": [0, 0, 8.5, 16], "texture": "#0"},
				"west": {"uv": [0, 0, 8.5, 16], "texture": "#0"},
				"up": {"uv": [0, 0, 9, 16], "texture": "#0"},
				"down": {"uv": [0, 0, 8.5, 16], "texture": "#0"}
			}
		},
		{
			"from": [7, 13, 2],
			"to": [9, 24, 3],
			"faces": {
				"north": {"uv": [8.5, 0, 16, 15], "texture": "#1"},
				"east": {"uv": [8.5, 0, 16, 15], "texture": "#1"},
				"south": {"uv": [8.5, 0, 16, 15], "texture": "#1"},
				"west": {"uv": [8.5, 0, 16, 14], "texture": "#1"},
				"up": {"uv": [8.5, 0, 16, 15], "texture": "#1"},
				"down": {"uv": [8.5, 0, 16, 15], "texture": "#1"}
			}
		},
		{
			"from": [7, 13, 14],
			"to": [9, 24, 15],
			"faces": {
				"north": {"uv": [8.5, 0, 16, 15], "texture": "#1"},
				"east": {"uv": [8.5, 0, 16, 15], "texture": "#1"},
				"south": {"uv": [8.5, 0, 16, 15], "texture": "#1"},
				"west": {"uv": [8.5, 0, 16, 14], "texture": "#1"},
				"up": {"uv": [8.5, 0, 16, 15], "texture": "#1"},
				"down": {"uv": [8.5, 0, 16, 15], "texture": "#1"}
			}
		},
		{
			"from": [7, 13, 3],
			"to": [9, 24, 14],
			"faces": {
				"north": {"uv": [8.5, 0, 16, 15], "texture": "#1"},
				"east": {"uv": [8.5, 0, 16, 15], "texture": "#1"},
				"south": {"uv": [8.5, 0, 16, 15], "texture": "#1"},
				"west": {"uv": [8.5, 0, 16, 14], "texture": "#1"},
				"up": {"uv": [8.5, 0, 16, 15], "texture": "#1"},
				"down": {"uv": [8.5, 0, 16, 15], "texture": "#1"}
			}
		},
		{
			"from": [7, 24, 3],
			"to": [9, 25, 14],
			"faces": {
				"north": {"uv": [8.5, 0, 16, 15], "texture": "#1"},
				"east": {"uv": [8.5, 0, 16, 15], "texture": "#1"},
				"south": {"uv": [8.5, 0, 16, 15], "texture": "#1"},
				"west": {"uv": [8.5, 0, 16, 14], "texture": "#1"},
				"up": {"uv": [8.5, 0, 16, 15], "texture": "#1"},
				"down": {"uv": [8.5, 0, 16, 15], "texture": "#1"}
			}
		},
		{
			"from": [7, 12, 3],
			"to": [9, 13, 14],
			"faces": {
				"north": {"uv": [8.5, 0, 16, 15], "texture": "#1"},
				"east": {"uv": [8.5, 0, 16, 15], "texture": "#1"},
				"south": {"uv": [8.5, 0, 16, 15], "texture": "#1"},
				"west": {"uv": [8.5, 0, 16, 14], "texture": "#1"},
				"up": {"uv": [8.5, 0, 16, 15], "texture": "#1"},
				"down": {"uv": [8.5, 0, 16, 15], "texture": "#1"}
			}
		},
		{
			"from": [-4, 13, 2],
			"to": [-2, 24, 3],
			"faces": {
				"north": {"uv": [8.5, 0, 16, 15], "texture": "#1"},
				"east": {"uv": [8.5, 0, 16, 15], "texture": "#1"},
				"south": {"uv": [8.5, 0, 16, 15], "texture": "#1"},
				"west": {"uv": [8.5, 0, 16, 14], "texture": "#1"},
				"up": {"uv": [8.5, 0, 16, 15], "texture": "#1"},
				"down": {"uv": [8.5, 0, 16, 15], "texture": "#1"}
			}
		},
		{
			"from": [-4, 13, 14],
			"to": [-2, 24, 15],
			"faces": {
				"north": {"uv": [8.5, 0, 16, 15], "texture": "#1"},
				"east": {"uv": [8.5, 0, 16, 15], "texture": "#1"},
				"south": {"uv": [8.5, 0, 16, 15], "texture": "#1"},
				"west": {"uv": [8.5, 0, 16, 14], "texture": "#1"},
				"up": {"uv": [8.5, 0, 16, 15], "texture": "#1"},
				"down": {"uv": [8.5, 0, 16, 15], "texture": "#1"}
			}
		},
		{
			"from": [-4, 13, 3],
			"to": [-2, 24, 14],
			"faces": {
				"north": {"uv": [8.5, 0, 16, 15], "texture": "#1"},
				"east": {"uv": [8.5, 0, 16, 15], "texture": "#1"},
				"south": {"uv": [8.5, 0, 16, 15], "texture": "#1"},
				"west": {"uv": [8.5, 0, 16, 14], "texture": "#1"},
				"up": {"uv": [8.5, 0, 16, 15], "texture": "#1"},
				"down": {"uv": [8.5, 0, 16, 15], "texture": "#1"}
			}
		},
		{
			"from": [-4, 24, 3],
			"to": [-2, 25, 14],
			"faces": {
				"north": {"uv": [8.5, 0, 16, 15], "texture": "#1"},
				"east": {"uv": [8.5, 0, 16, 15], "texture": "#1"},
				"south": {"uv": [8.5, 0, 16, 15], "texture": "#1"},
				"west": {"uv": [8.5, 0, 16, 14], "texture": "#1"},
				"up": {"uv": [8.5, 0, 16, 15], "texture": "#1"},
				"down": {"uv": [8.5, 0, 16, 15], "texture": "#1"}
			}
		},
		{
			"from": [-4, 12, 3],
			"to": [-2, 13, 14],
			"faces": {
				"north": {"uv": [8.5, 0, 16, 15], "texture": "#1"},
				"east": {"uv": [8.5, 0, 16, 15], "texture": "#1"},
				"south": {"uv": [8.5, 0, 16, 15], "texture": "#1"},
				"west": {"uv": [8.5, 0, 16, 14], "texture": "#1"},
				"up": {"uv": [8.5, 0, 16, 15], "texture": "#1"},
				"down": {"uv": [8.5, 0, 16, 15], "texture": "#1"}
			}
		},
		{
			"from": [-13, 6, -1],
			"to": [31, 11, 18],
			"faces": {
				"north": {"uv": [0, 0, 16, 5.5], "texture": "#1"},
				"east": {"uv": [0, 0, 16, 5.5], "texture": "#1"},
				"south": {"uv": [0, 0, 16, 5.5], "texture": "#1"},
				"west": {"uv": [0, 0, 16, 5.5], "texture": "#1"},
				"up": {"uv": [0, 0, 16, 15.5], "texture": "#1"},
				"down": {"uv": [0, 0, 16, 15.5], "texture": "#1"}
			}
		},
		{
			"from": [-14, 6, -1],
			"to": [-13, 8, 18],
			"faces": {
				"north": {"uv": [0, 0, 16, 5.5], "texture": "#1"},
				"east": {"uv": [0, 0, 16, 5.5], "texture": "#1"},
				"south": {"uv": [0, 0, 16, 5.5], "texture": "#1"},
				"west": {"uv": [0, 0, 16, 5.5], "texture": "#1"},
				"up": {"uv": [0, 0, 16, 15.5], "texture": "#1"},
				"down": {"uv": [0, 0, 16, 15.5], "texture": "#1"}
			}
		},
		{
			"from": [18, 11, -1],
			"to": [31, 29, 18],
			"faces": {
				"north": {"uv": [0, 0, 15.75, 15.5], "texture": "#1"},
				"east": {"uv": [0, 0, 15.75, 16], "texture": "#1"},
				"south": {"uv": [0, 0, 15.75, 16], "texture": "#1"},
				"west": {"uv": [0, 0, 15.75, 16], "texture": "#1"},
				"up": {"uv": [0, 0, 15.75, 16], "texture": "#1"},
				"down": {"uv": [0, 0, 15.75, 16], "texture": "#1"}
			}
		},
		{
			"from": [-15, 16, 7],
			"to": [-13, 20, 11],
			"faces": {
				"north": {"uv": [8, 0, 16, 15], "texture": "#2"},
				"east": {"uv": [8, 0, 16, 15], "texture": "#2"},
				"south": {"uv": [8, 0, 16, 15], "texture": "#2"},
				"west": {"uv": [8, 0, 16, 15], "texture": "#2"},
				"up": {"uv": [8, 0, 16, 14], "texture": "#2"},
				"down": {"uv": [8, 0, 16, 14], "texture": "#2"}
			}
		},
		{
			"from": [-10, 26, 7],
			"to": [-6, 32, 11],
			"faces": {
				"north": {"uv": [8, 0, 16, 15], "texture": "#2"},
				"east": {"uv": [8, 0, 16, 15], "texture": "#2"},
				"south": {"uv": [8, 0, 16, 15], "texture": "#2"},
				"west": {"uv": [8, 0, 16, 15], "texture": "#2"},
				"up": {"uv": [8, 0, 16, 14], "texture": "#2"},
				"down": {"uv": [8, 0, 16, 14], "texture": "#2"}
			}
		},
		{
			"from": [-12, 10, -2],
			"to": [17, 12, 0],
			"faces": {
				"north": {"uv": [0, 0, 8.25, 1], "texture": "#3"},
				"east": {"uv": [0, 0, 0.5, 1], "texture": "#3"},
				"south": {"uv": [0, 0, 8.25, 1], "texture": "#3"},
				"west": {"uv": [0, 0, 0.5, 1], "texture": "#3"},
				"up": {"uv": [0, 0, 8.25, 1], "texture": "#3"},
				"down": {"uv": [0, 0, 8.25, 1], "texture": "#3"}
			}
		},
		{
			"from": [17, 10, -2],
			"to": [19, 28, 0],
			"faces": {
				"north": {"uv": [0, 0, 0.5, 9.5], "texture": "#3"},
				"east": {"uv": [0, 0, 0.5, 9.5], "texture": "#3"},
				"south": {"uv": [0, 0, 0.5, 9.5], "texture": "#3"},
				"west": {"uv": [0, 0, 0.5, 9.5], "texture": "#3"},
				"up": {"uv": [0, 0, 0.5, 1], "texture": "#3"},
				"down": {"uv": [0, 0, 0.5, 1], "texture": "#3"}
			}
		},
		{
			"from": [30, 28, 0],
			"to": [32, 30, 17],
			"faces": {
				"north": {"uv": [0, 0, 0.5, 1], "texture": "#3"},
				"east": {"uv": [0, 0, 4.25, 1], "texture": "#3"},
				"south": {"uv": [0, 0, 0.5, 1], "texture": "#3"},
				"west": {"uv": [0, 0, 4.25, 1], "texture": "#3"},
				"up": {"uv": [0, 0, 0.5, 8.5], "texture": "#3"},
				"down": {"uv": [0, 0, 0.5, 8.5], "texture": "#3"}
			}
		},
		{
			"from": [17, 28, 0],
			"to": [19, 30, 17],
			"faces": {
				"north": {"uv": [0, 0, 0.5, 1], "texture": "#3"},
				"east": {"uv": [0, 0, 4.25, 1], "texture": "#3"},
				"south": {"uv": [0, 0, 0.5, 1], "texture": "#3"},
				"west": {"uv": [0, 0, 4.25, 1], "texture": "#3"},
				"up": {"uv": [0, 0, 0.5, 8.5], "texture": "#3"},
				"down": {"uv": [0, 0, 0.5, 8.5], "texture": "#3"}
			}
		},
		{
			"from": [30, 5, 0],
			"to": [32, 7, 17],
			"faces": {
				"north": {"uv": [0, 0, 0.5, 1], "texture": "#3"},
				"east": {"uv": [0, 0, 4.25, 1], "texture": "#3"},
				"south": {"uv": [0, 0, 0.5, 1], "texture": "#3"},
				"west": {"uv": [0, 0, 4.25, 1], "texture": "#3"},
				"up": {"uv": [0, 0, 0.5, 8.5], "texture": "#3"},
				"down": {"uv": [0, 0, 0.5, 8.5], "texture": "#3"}
			}
		},
		{
			"from": [-14, 5, 17],
			"to": [32, 7, 19],
			"faces": {
				"north": {"uv": [0, 0, 12, 1], "texture": "#3"},
				"east": {"uv": [0, 0, 0.5, 1], "texture": "#3"},
				"south": {"uv": [0, 0, 12, 1], "texture": "#3"},
				"west": {"uv": [0, 0, 0.5, 1], "texture": "#3"},
				"up": {"uv": [0, 0, 12, 1], "texture": "#3"},
				"down": {"uv": [0, 0, 12, 1], "texture": "#3"}
			}
		},
		{
			"from": [-14, 5, -2],
			"to": [32, 7, 0],
			"faces": {
				"north": {"uv": [0, 0, 12, 1], "texture": "#3"},
				"east": {"uv": [0, 0, 0.5, 1], "texture": "#3"},
				"south": {"uv": [0, 0, 12, 1], "texture": "#3"},
				"west": {"uv": [0, 0, 0.5, 1], "texture": "#3"},
				"up": {"uv": [0, 0, 12, 1], "texture": "#3"},
				"down": {"uv": [0, 0, 12, 1], "texture": "#3"}
			}
		},
		{
			"from": [30, 7, -2],
			"to": [32, 28, 0],
			"faces": {
				"north": {"uv": [0, 0, 0.5, 11], "texture": "#3"},
				"east": {"uv": [0, 0, 0.5, 11], "texture": "#3"},
				"south": {"uv": [0, 0, 0.5, 11], "texture": "#3"},
				"west": {"uv": [0, 0, 0.5, 11], "texture": "#3"},
				"up": {"uv": [0, 0, 0.5, 1], "texture": "#3"},
				"down": {"uv": [0, 0, 0.5, 1], "texture": "#3"}
			}
		},
		{
			"from": [30, 7, 17],
			"to": [32, 28, 19],
			"faces": {
				"north": {"uv": [0, 0, 0.5, 11], "texture": "#3"},
				"east": {"uv": [0, 0, 0.5, 11], "texture": "#3"},
				"south": {"uv": [0, 0, 0.5, 11], "texture": "#3"},
				"west": {"uv": [0, 0, 0.5, 11], "texture": "#3"},
				"up": {"uv": [0, 0, 0.5, 1], "texture": "#3"},
				"down": {"uv": [0, 0, 0.5, 1], "texture": "#3"}
			}
		},
		{
			"from": [-12, 10, 17],
			"to": [17, 12, 19],
			"faces": {
				"north": {"uv": [0, 0, 8.25, 1], "texture": "#3"},
				"east": {"uv": [0, 0, 0.5, 1], "texture": "#3"},
				"south": {"uv": [0, 0, 8.25, 1], "texture": "#3"},
				"west": {"uv": [0, 0, 0.5, 1], "texture": "#3"},
				"up": {"uv": [0, 0, 8.25, 1], "texture": "#3"},
				"down": {"uv": [0, 0, 8.25, 1], "texture": "#3"}
			}
		},
		{
			"from": [17, 10, 17],
			"to": [19, 28, 19],
			"faces": {
				"north": {"uv": [0, 0, 0.5, 9.5], "texture": "#3"},
				"east": {"uv": [0, 0, 0.5, 9.5], "texture": "#3"},
				"south": {"uv": [0, 0, 0.5, 9.5], "texture": "#3"},
				"west": {"uv": [0, 0, 0.5, 9.5], "texture": "#3"},
				"up": {"uv": [0, 0, 0.5, 1], "texture": "#3"},
				"down": {"uv": [0, 0, 0.5, 1], "texture": "#3"}
			}
		},
		{
			"from": [17, 28, -2],
			"to": [32, 30, 0],
			"faces": {
				"north": {"uv": [0, 0, 3.75, 1], "texture": "#3"},
				"east": {"uv": [0, 0, 0.5, 1], "texture": "#3"},
				"south": {"uv": [0, 0, 3.75, 1], "texture": "#3"},
				"west": {"uv": [0, 0, 0.5, 1], "texture": "#3"},
				"up": {"uv": [0, 0, 3.75, 1], "texture": "#3"},
				"down": {"uv": [0, 0, 3.75, 1], "texture": "#3"}
			}
		},
		{
			"from": [17, 28, 17],
			"to": [32, 30, 19],
			"faces": {
				"north": {"uv": [0, 0, 3.75, 1], "texture": "#3"},
				"east": {"uv": [0, 0, 0.5, 1], "texture": "#3"},
				"south": {"uv": [0, 0, 3.75, 1], "texture": "#3"},
				"west": {"uv": [0, 0, 0.5, 1], "texture": "#3"},
				"up": {"uv": [0, 0, 3.75, 1], "texture": "#3"},
				"down": {"uv": [0, 0, 3.75, 1], "texture": "#3"}
			}
		}
	],
	"groups": [
		{
			"name": "black",
			"origin": [8, 8, 8],
			"color": 0,
			"children": [
				{
					"name": "train2",
					"origin": [8, 8, 8],
					"color": 0,
					"children": [0, 1, 2, 3, 4]
				},
				{
					"name": "train3",
					"origin": [8, 8, 8],
					"color": 0,
					"children": [5, 6, 7, 8, 9]
				},
				{
					"name": "train4",
					"origin": [8, 8, 8],
					"color": 0,
					"children": [
						10,
						11,
						12,
						13,
						{
							"name": "train5",
							"origin": [8, 8, 8],
							"color": 0,
							"children": [14, 15, 16, 17, 18]
						}
					]
				}
			]
		},
		{
			"name": "red",
			"origin": [8, 8, 8],
			"color": 0,
			"children": [
				{
					"name": "train6",
					"origin": [8, 8, 8],
					"color": 0,
					"children": [19, 20, 21, 22, 23]
				},
				{
					"name": "train",
					"origin": [8, 8, 8],
					"color": 0,
					"children": [24, 25, 26, 27, 28]
				}
			]
		},
		{
			"name": "structure",
			"origin": [0, 0, 0],
			"color": 0,
			"children": [29, 30, 31]
		},
		{
			"name": "gray",
			"origin": [0, 0, 0],
			"color": 0,
			"children": [32, 33]
		},
		{
			"name": "group",
			"origin": [8, 8, 8],
			"color": 0,
			"children": [34, 35, 36, 37, 38, 39, 40, 41, 42, 43, 44, 45, 46]
		}
	]
}