{
	"credit": "Made with Blockbench",
	"texture_size": [32, 32],
	"textures": {
		"1": "item/wool_colored_red",
		"3": "item/quartz_block_bottom",
		"5": "item/texture",
		"particle": "item/bedrock"
	},
	"elements": [
		{
			"from": [-15, 6, -1],
			"to": [31, 8, 18],
			"faces": {
				"north": {"uv": [0, 0, 16, 1.5], "texture": "#1"},
				"east": {"uv": [0, 0, 16, 1.5], "texture": "#1"},
				"south": {"uv": [0, 0, 16, 3.5], "texture": "#1"},
				"west": {"uv": [0, 0, 15.75, 3.5], "texture": "#1"},
				"up": {"uv": [0, 0, 16, 15.5], "texture": "#1"},
				"down": {"uv": [0, 0, 16, 15.5], "texture": "#1"}
			}
		},
		{
			"from": [-14, 27, 0],
			"to": [30, 29, 17],
			"faces": {
				"north": {"uv": [0, 0, 16, 1.5], "texture": "#1"},
				"east": {"uv": [0, 0, 16, 1.5], "texture": "#1"},
				"south": {"uv": [0, 0, 16, 3.5], "texture": "#1"},
				"west": {"uv": [0, 0, 15.75, 3.5], "texture": "#1"},
				"up": {"uv": [0, 0, 16, 15.5], "texture": "#1"},
				"down": {"uv": [0, 0, 16, 15.5], "texture": "#1"}
			}
		},
		{
			"from": [-16, 5, 17],
			"to": [32, 7, 19],
			"faces": {
				"north": {"uv": [0, 0, 12, 1], "texture": "#3"},
				"east": {"uv": [0, 0, 0.5, 1], "texture": "#3"},
				"south": {"uv": [0, 0, 12, 1], "texture": "#3"},
				"west": {"uv": [0, 0, 0.5, 1], "texture": "#3"},
				"up": {"uv": [0, 0, 12, 1], "texture": "#3"},
				"down": {"uv": [0, 0, 12, 1], "texture": "#3"}
			}
		},
		{
			"from": [30, 7, 17],
			"to": [32, 28, 19],
			"faces": {
				"north": {"uv": [0, 0, 0.5, 10.5], "texture": "#3"},
				"east": {"uv": [0, 0, 0.5, 10.5], "texture": "#3"},
				"south": {"uv": [0, 0, 0.5, 10.5], "texture": "#3"},
				"west": {"uv": [0, 0, 0.5, 10.5], "texture": "#3"},
				"up": {"uv": [0, 0, 0.5, 1], "texture": "#3"},
				"down": {"uv": [0, 0, 0.5, 1], "texture": "#3"}
			}
		},
		{
			"from": [-16, 7, 17],
			"to": [-14, 28, 19],
			"faces": {
				"north": {"uv": [0, 0, 0.5, 10.5], "texture": "#3"},
				"east": {"uv": [0, 0, 0.5, 10.5], "texture": "#3"},
				"south": {"uv": [0, 0, 0.5, 10.5], "texture": "#3"},
				"west": {"uv": [0, 0, 0.5, 10.5], "texture": "#3"},
				"up": {"uv": [0, 0, 0.5, 1], "texture": "#3"},
				"down": {"uv": [0, 0, 0.5, 1], "texture": "#3"}
			}
		},
		{
			"from": [-16, 7, -2],
			"to": [-14, 28, 0],
			"faces": {
				"north": {"uv": [0, 0, 0.5, 10.5], "texture": "#3"},
				"east": {"uv": [0, 0, 0.5, 10.5], "texture": "#3"},
				"south": {"uv": [0, 0, 0.5, 10.5], "texture": "#3"},
				"west": {"uv": [0, 0, 0.5, 10.5], "texture": "#3"},
				"up": {"uv": [0, 0, 0.5, 1], "texture": "#3"},
				"down": {"uv": [0, 0, 0.5, 1], "texture": "#3"}
			}
		},
		{
			"from": [30, 7, -2],
			"to": [32, 28, 0],
			"faces": {
				"north": {"uv": [0, 0, 0.5, 10.5], "texture": "#3"},
				"east": {"uv": [0, 0, 0.5, 10.5], "texture": "#3"},
				"south": {"uv": [0, 0, 0.5, 10.5], "texture": "#3"},
				"west": {"uv": [0, 0, 0.5, 10.5], "texture": "#3"},
				"up": {"uv": [0, 0, 0.5, 1], "texture": "#3"},
				"down": {"uv": [0, 0, 0.5, 1], "texture": "#3"}
			}
		},
		{
			"from": [-16, 5, 0],
			"to": [-14, 7, 17],
			"faces": {
				"north": {"uv": [0, 0, 0.5, 1], "texture": "#3"},
				"east": {"uv": [0, 0, 4.25, 1], "texture": "#3"},
				"south": {"uv": [0, 0, 0.5, 1], "texture": "#3"},
				"west": {"uv": [0, 0, 4.25, 1], "texture": "#3"},
				"up": {"uv": [0, 0, 0.5, 8.5], "texture": "#3"},
				"down": {"uv": [0, 0, 0.5, 8.5], "texture": "#3"}
			}
		},
		{
			"from": [-16, 5, -2],
			"to": [32, 7, 0],
			"faces": {
				"north": {"uv": [0, 0, 12, 1], "texture": "#3"},
				"east": {"uv": [0, 0, 0.5, 1], "texture": "#3"},
				"south": {"uv": [0, 0, 12, 1], "texture": "#3"},
				"west": {"uv": [0, 0, 0.5, 1], "texture": "#3"},
				"up": {"uv": [0, 0, 12, 1], "texture": "#3"},
				"down": {"uv": [0, 0, 12, 1], "texture": "#3"}
			}
		},
		{
			"from": [30, 5, 0],
			"to": [32, 7, 17],
			"faces": {
				"north": {"uv": [0, 0, 0.5, 1], "texture": "#3"},
				"east": {"uv": [0, 0, 4.25, 1], "texture": "#3"},
				"south": {"uv": [0, 0, 0.5, 1], "texture": "#3"},
				"west": {"uv": [0, 0, 4.25, 1], "texture": "#3"},
				"up": {"uv": [0, 0, 0.5, 8.5], "texture": "#3"},
				"down": {"uv": [0, 0, 0.5, 8.5], "texture": "#3"}
			}
		},
		{
			"from": [-16, 28, 17],
			"to": [32, 30, 19],
			"faces": {
				"north": {"uv": [0, 0, 12, 1], "texture": "#3"},
				"east": {"uv": [0, 0, 0.5, 1], "texture": "#3"},
				"south": {"uv": [0, 0, 12, 1], "texture": "#3"},
				"west": {"uv": [0, 0, 0.5, 1], "texture": "#3"},
				"up": {"uv": [0, 0, 12, 1], "texture": "#3"},
				"down": {"uv": [0, 0, 12, 1], "texture": "#3"}
			}
		},
		{
			"from": [-16, 28, 0],
			"to": [-14, 30, 17],
			"faces": {
				"north": {"uv": [0, 0, 0.5, 1], "texture": "#3"},
				"east": {"uv": [0, 0, 4.25, 1], "texture": "#3"},
				"south": {"uv": [0, 0, 0.5, 1], "texture": "#3"},
				"west": {"uv": [0, 0, 4.25, 1], "texture": "#3"},
				"up": {"uv": [0, 0, 0.5, 8.5], "texture": "#3"},
				"down": {"uv": [0, 0, 0.5, 8.5], "texture": "#3"}
			}
		},
		{
			"from": [-16, 28, -2],
			"to": [32, 30, 0],
			"faces": {
				"north": {"uv": [0, 0, 12, 1], "texture": "#3"},
				"east": {"uv": [0, 0, 0.5, 1], "texture": "#3"},
				"south": {"uv": [0, 0, 12, 1], "texture": "#3"},
				"west": {"uv": [0, 0, 0.5, 1], "texture": "#3"},
				"up": {"uv": [0, 0, 12, 1], "texture": "#3"},
				"down": {"uv": [0, 0, 12, 1], "texture": "#3"}
			}
		},
		{
			"from": [30, 28, 0],
			"to": [32, 30, 17],
			"faces": {
				"north": {"uv": [0, 0, 0.5, 1], "texture": "#3"},
				"east": {"uv": [0, 0, 4.25, 1], "texture": "#3"},
				"south": {"uv": [0, 0, 0.5, 1], "texture": "#3"},
				"west": {"uv": [0, 0, 4.25, 1], "texture": "#3"},
				"up": {"uv": [0, 0, 0.5, 8.5], "texture": "#3"},
				"down": {"uv": [0, 0, 0.5, 8.5], "texture": "#3"}
			}
		},
		{
			"from": [-7, 8, -1],
			"to": [23, 15, 1],
			"faces": {
				"north": {"uv": [0, 0, 16, 5], "texture": "#1"},
				"east": {"uv": [0, 0, 16, 1.5], "texture": "#1"},
				"south": {"uv": [0, 0, 16, 3.5], "texture": "#1"},
				"west": {"uv": [0, 0, 15.75, 3.5], "texture": "#1"},
				"up": {"uv": [0, 0, 16, 15.5], "texture": "#1"},
				"down": {"uv": [0, 0, 16, 15.5], "texture": "#1"}
			}
		},
		{
			"from": [-13, 25, -1],
			"to": [29, 29, 1],
			"faces": {
				"north": {"uv": [0, 0, 16, 5], "texture": "#1"},
				"east": {"uv": [0, 0, 16, 1.5], "texture": "#1"},
				"south": {"uv": [0, 0, 16, 3.5], "texture": "#1"},
				"west": {"uv": [0, 0, 15.75, 3.5], "texture": "#1"},
				"up": {"uv": [0, 0, 16, 15.5], "texture": "#1"},
				"down": {"uv": [0, 0, 16, 15.5], "texture": "#1"}
			}
		},
		{
			"from": [-13, 25, 16],
			"to": [29, 29, 18],
			"faces": {
				"north": {"uv": [0, 0, 16, 5], "texture": "#1"},
				"east": {"uv": [0, 0, 16, 1.5], "texture": "#1"},
				"south": {"uv": [0, 0, 16, 4.5], "texture": "#1"},
				"west": {"uv": [0, 0, 15.75, 3.5], "texture": "#1"},
				"up": {"uv": [0, 0, 16, 15.5], "texture": "#1"},
				"down": {"uv": [0, 0, 16, 15.5], "texture": "#1"}
			}
		},
		{
			"from": [-7, 8, 16],
			"to": [23, 15, 18],
			"faces": {
				"north": {"uv": [0, 0, 16, 5], "texture": "#1"},
				"east": {"uv": [0, 0, 16, 1.5], "texture": "#1"},
				"south": {"uv": [0, 0, 16, 4.5], "texture": "#1"},
				"west": {"uv": [0, 0, 15.75, 3.5], "texture": "#1"},
				"up": {"uv": [0, 0, 16, 15.5], "texture": "#1"},
				"down": {"uv": [0, 0, 16, 15.5], "texture": "#1"}
			}
		},
		{
			"from": [-15, 8, -1],
			"to": [-13, 15, 18],
			"faces": {
				"north": {"uv": [0, 0, 4, 16], "texture": "#1"},
				"east": {"uv": [0, 0, 15.75, 16], "texture": "#1"},
				"south": {"uv": [0, 0, 3.75, 16], "texture": "#1"},
				"west": {"uv": [0, 0, 15.75, 16], "texture": "#1"},
				"up": {"uv": [0, 0, 15.75, 16], "texture": "#1"},
				"down": {"uv": [0, 0, 15.75, 16], "texture": "#1"}
			}
		},
		{
			"from": [-15, 15, -1],
			"to": [-13, 25, 4],
			"faces": {
				"north": {"uv": [0, 0, 4, 16], "texture": "#1"},
				"east": {"uv": [0, 0, 15.75, 16], "texture": "#1"},
				"south": {"uv": [0, 0, 3.75, 16], "texture": "#1"},
				"west": {"uv": [0, 0, 15.75, 16], "texture": "#1"},
				"up": {"uv": [0, 0, 15.75, 16], "texture": "#1"},
				"down": {"uv": [0, 0, 15.75, 16], "texture": "#1"}
			}
		},
		{
			"from": [-15, 25, -1],
			"to": [-13, 28, 18],
			"faces": {
				"north": {"uv": [0, 0, 4, 16], "texture": "#1"},
				"east": {"uv": [0, 0, 15.75, 16], "texture": "#1"},
				"south": {"uv": [0, 0, 3.75, 16], "texture": "#1"},
				"west": {"uv": [0, 11, 15.75, 16], "texture": "#1"},
				"up": {"uv": [0, 0, 15.75, 16], "texture": "#1"},
				"down": {"uv": [0, 0, 15.75, 16], "texture": "#1"}
			}
		},
		{
			"from": [-15, 15, 13],
			"to": [-13, 25, 17],
			"faces": {
				"north": {"uv": [0, 0, 4, 16], "texture": "#1"},
				"east": {"uv": [0, 0, 15.75, 16], "texture": "#1"},
				"south": {"uv": [0, 0, 3.75, 16], "texture": "#1"},
				"west": {"uv": [0, 0, 15.75, 16], "texture": "#1"},
				"up": {"uv": [0, 0, 15.75, 16], "texture": "#1"},
				"down": {"uv": [0, 0, 15.75, 16], "texture": "#1"}
			}
		},
		{
			"from": [29, 8, -1],
			"to": [31, 15, 18],
			"faces": {
				"north": {"uv": [0, 0, 4, 16], "texture": "#1"},
				"east": {"uv": [0, 0, 15.75, 16], "texture": "#1"},
				"south": {"uv": [0, 0, 3.75, 16], "texture": "#1"},
				"west": {"uv": [0, 0, 15.75, 16], "texture": "#1"},
				"up": {"uv": [0, 0, 15.75, 16], "texture": "#1"},
				"down": {"uv": [0, 0, 15.75, 16], "texture": "#1"}
			}
		},
		{
			"from": [29, 15, -1],
			"to": [31, 25, 4],
			"faces": {
				"north": {"uv": [0, 0, 4, 16], "texture": "#1"},
				"east": {"uv": [0, 0, 15.75, 16], "texture": "#1"},
				"south": {"uv": [0, 0, 3.75, 16], "texture": "#1"},
				"west": {"uv": [0, 0, 15.75, 16], "texture": "#1"},
				"up": {"uv": [0, 0, 15.75, 16], "texture": "#1"},
				"down": {"uv": [0, 0, 15.75, 16], "texture": "#1"}
			}
		},
		{
			"from": [29, 25, -1],
			"to": [31, 28, 18],
			"faces": {
				"north": {"uv": [0, 0, 4, 16], "texture": "#1"},
				"east": {"uv": [0, 0, 15.75, 16], "texture": "#1"},
				"south": {"uv": [0, 0, 3.75, 16], "texture": "#1"},
				"west": {"uv": [0, 11, 15.75, 16], "texture": "#1"},
				"up": {"uv": [0, 0, 15.75, 16], "texture": "#1"},
				"down": {"uv": [0, 0, 15.75, 16], "texture": "#1"}
			}
		},
		{
			"from": [29, 15, 13],
			"to": [31, 25, 17],
			"faces": {
				"north": {"uv": [0, 0, 4, 16], "texture": "#1"},
				"east": {"uv": [0, 0, 15.75, 16], "texture": "#1"},
				"south": {"uv": [0, 0, 3.75, 16], "texture": "#1"},
				"west": {"uv": [0, 0, 15.75, 16], "texture": "#1"},
				"up": {"uv": [0, 0, 15.75, 16], "texture": "#1"},
				"down": {"uv": [0, 0, 15.75, 16], "texture": "#1"}
			}
		},
		{
			"from": [23, 8, -1],
			"to": [29, 25, 1],
			"faces": {
				"north": {"uv": [0, 0, 4, 16], "texture": "#1"},
				"east": {"uv": [0, 0, 15.75, 16], "texture": "#1"},
				"south": {"uv": [0, 0, 3.75, 16], "texture": "#1"},
				"west": {"uv": [0, 0, 15.75, 16], "texture": "#1"},
				"up": {"uv": [0, 0, 15.75, 16], "texture": "#1"},
				"down": {"uv": [0, 0, 15.75, 16], "texture": "#1"}
			}
		},
		{
			"from": [-13, 8, 16],
			"to": [-7, 25, 18],
			"faces": {
				"north": {"uv": [0, 0, 4, 16], "texture": "#1"},
				"east": {"uv": [0, 0, 15.75, 16], "texture": "#1"},
				"south": {"uv": [0, 0, 3.75, 16], "texture": "#1"},
				"west": {"uv": [0, 0, 15.75, 16], "texture": "#1"},
				"up": {"uv": [0, 0, 15.75, 16], "texture": "#1"},
				"down": {"uv": [0, 0, 15.75, 16], "texture": "#1"}
			}
		},
		{
			"from": [23, 8, 16],
			"to": [29, 25, 18],
			"faces": {
				"north": {"uv": [0, 0, 4, 16], "texture": "#1"},
				"east": {"uv": [0, 0, 15.75, 16], "texture": "#1"},
				"south": {"uv": [0, 0, 3.75, 16], "texture": "#1"},
				"west": {"uv": [0, 0, 15.75, 16], "texture": "#1"},
				"up": {"uv": [0, 0, 15.75, 16], "texture": "#1"},
				"down": {"uv": [0, 0, 15.75, 16], "texture": "#1"}
			}
		},
		{
			"from": [-13, 8, -1],
			"to": [-7, 25, 1],
			"faces": {
				"north": {"uv": [0, 0, 4, 16], "texture": "#1"},
				"east": {"uv": [0, 0, 15.75, 16], "texture": "#1"},
				"south": {"uv": [0, 0, 3.75, 16], "texture": "#1"},
				"west": {"uv": [0, 0, 15.75, 16], "texture": "#1"},
				"up": {"uv": [0, 0, 15.75, 16], "texture": "#1"},
				"down": {"uv": [0, 0, 15.75, 16], "texture": "#1"}
			}
		},
		{
			"from": [-7, 15, 16.5],
			"to": [23, 16, 17.5],
			"faces": {
				"north": {"uv": [0, 0, 15, 0.5], "texture": "#5"},
				"east": {"uv": [4, 4, 4.5, 4.5], "texture": "#5"},
				"south": {"uv": [0, 0.5, 15, 1], "texture": "#5"},
				"west": {"uv": [4, 4.5, 4.5, 5], "texture": "#5"},
				"up": {"uv": [15, 1.5, 0, 1], "texture": "#5"},
				"down": {"uv": [15, 1.5, 0, 2], "texture": "#5"}
			}
		},
		{
			"from": [22, 16, 16.5],
			"to": [23, 24, 17.5],
			"faces": {
				"north": {"uv": [0, 4, 0.5, 8], "texture": "#5"},
				"east": {"uv": [0.5, 4, 1, 8], "texture": "#5"},
				"south": {"uv": [1, 4, 1.5, 8], "texture": "#5"},
				"west": {"uv": [1.5, 4, 2, 8], "texture": "#5"},
				"up": {"uv": [5, 4.5, 4.5, 4], "texture": "#5"},
				"down": {"uv": [5, 4.5, 4.5, 5], "texture": "#5"}
			}
		},
		{
			"from": [19, 22, 16.5],
			"to": [20, 23, 17.5],
			"faces": {
				"north": {"uv": [4, 5, 4.5, 5.5], "texture": "#5"},
				"east": {"uv": [5, 4, 5.5, 4.5], "texture": "#5"},
				"south": {"uv": [4.5, 5, 5, 5.5], "texture": "#5"},
				"west": {"uv": [5, 4.5, 5.5, 5], "texture": "#5"},
				"up": {"uv": [5.5, 5.5, 5, 5], "texture": "#5"},
				"down": {"uv": [4.5, 5.5, 4, 6], "texture": "#5"}
			}
		},
		{
			"from": [-5, 18, 16.5],
			"to": [-4, 19, 17.5],
			"faces": {
				"north": {"uv": [5.5, 4, 6, 4.5], "texture": "#5"},
				"east": {"uv": [4.5, 5.5, 5, 6], "texture": "#5"},
				"south": {"uv": [5.5, 4.5, 6, 5], "texture": "#5"},
				"west": {"uv": [5, 5.5, 5.5, 6], "texture": "#5"},
				"up": {"uv": [6, 5.5, 5.5, 5], "texture": "#5"},
				"down": {"uv": [6, 5.5, 5.5, 6], "texture": "#5"}
			}
		},
		{
			"from": [-4, 17, 16.5],
			"to": [-3, 18, 17.5],
			"faces": {
				"north": {"uv": [4, 6, 4.5, 6.5], "texture": "#5"},
				"east": {"uv": [6, 4, 6.5, 4.5], "texture": "#5"},
				"south": {"uv": [4.5, 6, 5, 6.5], "texture": "#5"},
				"west": {"uv": [6, 4.5, 6.5, 5], "texture": "#5"},
				"up": {"uv": [5.5, 6.5, 5, 6], "texture": "#5"},
				"down": {"uv": [6.5, 5, 6, 5.5], "texture": "#5"}
			}
		},
		{
			"from": [20, 21, 16.5],
			"to": [21, 22, 17.5],
			"faces": {
				"north": {"uv": [5.5, 6, 6, 6.5], "texture": "#5"},
				"east": {"uv": [6, 5.5, 6.5, 6], "texture": "#5"},
				"south": {"uv": [6, 6, 6.5, 6.5], "texture": "#5"},
				"west": {"uv": [4, 6.5, 4.5, 7], "texture": "#5"},
				"up": {"uv": [7, 4.5, 6.5, 4], "texture": "#5"},
				"down": {"uv": [5, 6.5, 4.5, 7], "texture": "#5"}
			}
		},
		{
			"from": [-7, 16, 16.5],
			"to": [-6, 24, 17.5],
			"faces": {
				"north": {"uv": [2, 4, 2.5, 8], "texture": "#5"},
				"east": {"uv": [2.5, 4, 3, 8], "texture": "#5"},
				"south": {"uv": [3, 4, 3.5, 8], "texture": "#5"},
				"west": {"uv": [3.5, 4, 4, 8], "texture": "#5"},
				"up": {"uv": [7, 5, 6.5, 4.5], "texture": "#5"},
				"down": {"uv": [5.5, 6.5, 5, 7], "texture": "#5"}
			}
		},
		{
			"from": [-7, 24, 16.5],
			"to": [23, 25, 17.5],
			"faces": {
				"north": {"uv": [0, 2, 15, 2.5], "texture": "#5"},
				"east": {"uv": [6.5, 5, 7, 5.5], "texture": "#5"},
				"south": {"uv": [0, 2.5, 15, 3], "texture": "#5"},
				"west": {"uv": [5.5, 6.5, 6, 7], "texture": "#5"},
				"up": {"uv": [15, 3.5, 0, 3], "texture": "#5"},
				"down": {"uv": [15, 3.5, 0, 4], "texture": "#5"}
			}
		},
		{
			"from": [-7, 15, -0.5],
			"to": [23, 16, 0.5],
			"faces": {
				"north": {"uv": [0, 0, 15, 0.5], "texture": "#5"},
				"east": {"uv": [4, 4, 4.5, 4.5], "texture": "#5"},
				"south": {"uv": [0, 0.5, 15, 1], "texture": "#5"},
				"west": {"uv": [4, 4.5, 4.5, 5], "texture": "#5"},
				"up": {"uv": [15, 1.5, 0, 1], "texture": "#5"},
				"down": {"uv": [15, 1.5, 0, 2], "texture": "#5"}
			}
		},
		{
			"from": [22, 16, -0.5],
			"to": [23, 24, 0.5],
			"faces": {
				"north": {"uv": [0, 4, 0.5, 8], "texture": "#5"},
				"east": {"uv": [0.5, 4, 1, 8], "texture": "#5"},
				"south": {"uv": [1, 4, 1.5, 8], "texture": "#5"},
				"west": {"uv": [1.5, 4, 2, 8], "texture": "#5"},
				"up": {"uv": [5, 4.5, 4.5, 4], "texture": "#5"},
				"down": {"uv": [5, 4.5, 4.5, 5], "texture": "#5"}
			}
		},
		{
			"from": [19, 22, -0.5],
			"to": [20, 23, 0.5],
			"faces": {
				"north": {"uv": [4, 5, 4.5, 5.5], "texture": "#5"},
				"east": {"uv": [5, 4, 5.5, 4.5], "texture": "#5"},
				"south": {"uv": [4.5, 5, 5, 5.5], "texture": "#5"},
				"west": {"uv": [5, 4.5, 5.5, 5], "texture": "#5"},
				"up": {"uv": [5.5, 5.5, 5, 5], "texture": "#5"},
				"down": {"uv": [4.5, 5.5, 4, 6], "texture": "#5"}
			}
		},
		{
			"from": [-14.5, 15, 3.5],
			"to": [-13.5, 25, 5],
			"faces": {
				"north": {"uv": [0, 2, 15, 2.5], "texture": "#5"},
				"east": {"uv": [6.5, 5, 7, 5.5], "texture": "#5"},
				"south": {"uv": [0, 2.5, 15, 3], "texture": "#5"},
				"west": {"uv": [5.5, 6.5, 6, 7], "texture": "#5"},
				"up": {"uv": [15, 3.5, 0, 3], "texture": "#5"},
				"down": {"uv": [15, 3.5, 0, 4], "texture": "#5"}
			}
		},
		{
			"from": [-15, 21, 5.5],
			"to": [-14, 22, 6.5],
			"faces": {
				"north": {"uv": [4, 5, 4.5, 5.5], "texture": "#5"},
				"east": {"uv": [5, 4, 5.5, 4.5], "texture": "#5"},
				"south": {"uv": [4.5, 5, 5, 5.5], "texture": "#5"},
				"west": {"uv": [5, 4.5, 5.5, 5], "texture": "#5"},
				"up": {"uv": [5.5, 5.5, 5, 5], "texture": "#5"},
				"down": {"uv": [4.5, 5.5, 4, 6], "texture": "#5"}
			}
		},
		{
			"from": [-15, 22, 6.5],
			"to": [-14, 23, 7.5],
			"faces": {
				"north": {"uv": [4, 5, 4.5, 5.5], "texture": "#5"},
				"east": {"uv": [5, 4, 5.5, 4.5], "texture": "#5"},
				"south": {"uv": [4.5, 5, 5, 5.5], "texture": "#5"},
				"west": {"uv": [5, 4.5, 5.5, 5], "texture": "#5"},
				"up": {"uv": [5.5, 5.5, 5, 5], "texture": "#5"},
				"down": {"uv": [4.5, 5.5, 4, 6], "texture": "#5"}
			}
		},
		{
			"from": [-14.5, 15, 12],
			"to": [-13.5, 25, 13],
			"faces": {
				"north": {"uv": [0, 2, 15, 2.5], "texture": "#5"},
				"east": {"uv": [6.5, 5, 7, 5.5], "texture": "#5"},
				"south": {"uv": [0, 2.5, 15, 3], "texture": "#5"},
				"west": {"uv": [5.5, 6.5, 6, 7], "texture": "#5"},
				"up": {"uv": [15, 3.5, 0, 3], "texture": "#5"},
				"down": {"uv": [15, 3.5, 0, 4], "texture": "#5"}
			}
		},
		{
			"from": [-14.5, 24, 4.5],
			"to": [-13.5, 25, 12.5],
			"faces": {
				"north": {"uv": [0, 2, 15, 2.5], "texture": "#5"},
				"east": {"uv": [6.5, 5, 7, 5.5], "texture": "#5"},
				"south": {"uv": [0, 2.5, 15, 3], "texture": "#5"},
				"west": {"uv": [5.5, 6.5, 6, 7], "texture": "#5"},
				"up": {"uv": [15, 3.5, 0, 3], "texture": "#5"},
				"down": {"uv": [15, 3.5, 0, 4], "texture": "#5"}
			}
		},
		{
			"from": [-14.5, 15, 4.5],
			"to": [-13.5, 16, 12.5],
			"faces": {
				"north": {"uv": [0, 2, 15, 2.5], "texture": "#5"},
				"east": {"uv": [6.5, 5, 7, 5.5], "texture": "#5"},
				"south": {"uv": [0, 2.5, 15, 3], "texture": "#5"},
				"west": {"uv": [5.5, 6.5, 6, 7], "texture": "#5"},
				"up": {"uv": [15, 3.5, 0, 3], "texture": "#5"},
				"down": {"uv": [15, 3.5, 0, 4], "texture": "#5"}
			}
		},
		{
			"from": [-15, 17, 9.5],
			"to": [-14, 18, 10.5],
			"faces": {
				"north": {"uv": [4, 5, 4.5, 5.5], "texture": "#5"},
				"east": {"uv": [5, 4, 5.5, 4.5], "texture": "#5"},
				"south": {"uv": [4.5, 5, 5, 5.5], "texture": "#5"},
				"west": {"uv": [5, 4.5, 5.5, 5], "texture": "#5"},
				"up": {"uv": [5.5, 5.5, 5, 5], "texture": "#5"},
				"down": {"uv": [4.5, 5.5, 4, 6], "texture": "#5"}
			}
		},
		{
			"from": [-15, 18, 10.5],
			"to": [-14, 19, 11.5],
			"faces": {
				"north": {"uv": [4, 5, 4.5, 5.5], "texture": "#5"},
				"east": {"uv": [5, 4, 5.5, 4.5], "texture": "#5"},
				"south": {"uv": [4.5, 5, 5, 5.5], "texture": "#5"},
				"west": {"uv": [5, 4.5, 5.5, 5], "texture": "#5"},
				"up": {"uv": [5.5, 5.5, 5, 5], "texture": "#5"},
				"down": {"uv": [4.5, 5.5, 4, 6], "texture": "#5"}
			}
		},
		{
			"from": [29.5, 15, 3.5],
			"to": [30.5, 25, 5],
			"faces": {
				"north": {"uv": [0, 2, 15, 2.5], "texture": "#5"},
				"east": {"uv": [6.5, 5, 7, 5.5], "texture": "#5"},
				"south": {"uv": [0, 2.5, 15, 3], "texture": "#5"},
				"west": {"uv": [5.5, 6.5, 6, 7], "texture": "#5"},
				"up": {"uv": [15, 3.5, 0, 3], "texture": "#5"},
				"down": {"uv": [15, 3.5, 0, 4], "texture": "#5"}
			}
		},
		{
			"from": [29, 21, 5.5],
			"to": [30, 22, 6.5],
			"faces": {
				"north": {"uv": [4, 5, 4.5, 5.5], "texture": "#5"},
				"east": {"uv": [5, 4, 5.5, 4.5], "texture": "#5"},
				"south": {"uv": [4.5, 5, 5, 5.5], "texture": "#5"},
				"west": {"uv": [5, 4.5, 5.5, 5], "texture": "#5"},
				"up": {"uv": [5.5, 5.5, 5, 5], "texture": "#5"},
				"down": {"uv": [4.5, 5.5, 4, 6], "texture": "#5"}
			}
		},
		{
			"from": [29, 22, 6.5],
			"to": [30, 23, 7.5],
			"faces": {
				"north": {"uv": [4, 5, 4.5, 5.5], "texture": "#5"},
				"east": {"uv": [5, 4, 5.5, 4.5], "texture": "#5"},
				"south": {"uv": [4.5, 5, 5, 5.5], "texture": "#5"},
				"west": {"uv": [5, 4.5, 5.5, 5], "texture": "#5"},
				"up": {"uv": [5.5, 5.5, 5, 5], "texture": "#5"},
				"down": {"uv": [4.5, 5.5, 4, 6], "texture": "#5"}
			}
		},
		{
			"from": [29.5, 15, 12],
			"to": [30.5, 25, 13],
			"faces": {
				"north": {"uv": [0, 2, 15, 2.5], "texture": "#5"},
				"east": {"uv": [6.5, 5, 7, 5.5], "texture": "#5"},
				"south": {"uv": [0, 2.5, 15, 3], "texture": "#5"},
				"west": {"uv": [5.5, 6.5, 6, 7], "texture": "#5"},
				"up": {"uv": [15, 3.5, 0, 3], "texture": "#5"},
				"down": {"uv": [15, 3.5, 0, 4], "texture": "#5"}
			}
		},
		{
			"from": [29.5, 24, 4.5],
			"to": [30.5, 25, 12.5],
			"faces": {
				"north": {"uv": [0, 2, 15, 2.5], "texture": "#5"},
				"east": {"uv": [6.5, 5, 7, 5.5], "texture": "#5"},
				"south": {"uv": [0, 2.5, 15, 3], "texture": "#5"},
				"west": {"uv": [5.5, 6.5, 6, 7], "texture": "#5"},
				"up": {"uv": [15, 3.5, 0, 3], "texture": "#5"},
				"down": {"uv": [15, 3.5, 0, 4], "texture": "#5"}
			}
		},
		{
			"from": [29.5, 15, 4.5],
			"to": [30.5, 16, 12.5],
			"faces": {
				"north": {"uv": [0, 2, 15, 2.5], "texture": "#5"},
				"east": {"uv": [6.5, 5, 7, 5.5], "texture": "#5"},
				"south": {"uv": [0, 2.5, 15, 3], "texture": "#5"},
				"west": {"uv": [5.5, 6.5, 6, 7], "texture": "#5"},
				"up": {"uv": [15, 3.5, 0, 3], "texture": "#5"},
				"down": {"uv": [15, 3.5, 0, 4], "texture": "#5"}
			}
		},
		{
			"from": [29, 17, 9.5],
			"to": [30, 18, 10.5],
			"faces": {
				"north": {"uv": [4, 5, 4.5, 5.5], "texture": "#5"},
				"east": {"uv": [5, 4, 5.5, 4.5], "texture": "#5"},
				"south": {"uv": [4.5, 5, 5, 5.5], "texture": "#5"},
				"west": {"uv": [5, 4.5, 5.5, 5], "texture": "#5"},
				"up": {"uv": [5.5, 5.5, 5, 5], "texture": "#5"},
				"down": {"uv": [4.5, 5.5, 4, 6], "texture": "#5"}
			}
		},
		{
			"from": [29, 18, 10.5],
			"to": [30, 19, 11.5],
			"faces": {
				"north": {"uv": [4, 5, 4.5, 5.5], "texture": "#5"},
				"east": {"uv": [5, 4, 5.5, 4.5], "texture": "#5"},
				"south": {"uv": [4.5, 5, 5, 5.5], "texture": "#5"},
				"west": {"uv": [5, 4.5, 5.5, 5], "texture": "#5"},
				"up": {"uv": [5.5, 5.5, 5, 5], "texture": "#5"},
				"down": {"uv": [4.5, 5.5, 4, 6], "texture": "#5"}
			}
		},
		{
			"from": [-5, 18, -0.5],
			"to": [-4, 19, 0.5],
			"faces": {
				"north": {"uv": [5.5, 4, 6, 4.5], "texture": "#5"},
				"east": {"uv": [4.5, 5.5, 5, 6], "texture": "#5"},
				"south": {"uv": [5.5, 4.5, 6, 5], "texture": "#5"},
				"west": {"uv": [5, 5.5, 5.5, 6], "texture": "#5"},
				"up": {"uv": [6, 5.5, 5.5, 5], "texture": "#5"},
				"down": {"uv": [6, 5.5, 5.5, 6], "texture": "#5"}
			}
		},
		{
			"from": [-4, 17, -0.5],
			"to": [-3, 18, 0.5],
			"faces": {
				"north": {"uv": [4, 6, 4.5, 6.5], "texture": "#5"},
				"east": {"uv": [6, 4, 6.5, 4.5], "texture": "#5"},
				"south": {"uv": [4.5, 6, 5, 6.5], "texture": "#5"},
				"west": {"uv": [6, 4.5, 6.5, 5], "texture": "#5"},
				"up": {"uv": [5.5, 6.5, 5, 6], "texture": "#5"},
				"down": {"uv": [6.5, 5, 6, 5.5], "texture": "#5"}
			}
		},
		{
			"from": [20, 21, -0.5],
			"to": [21, 22, 0.5],
			"faces": {
				"north": {"uv": [5.5, 6, 6, 6.5], "texture": "#5"},
				"east": {"uv": [6, 5.5, 6.5, 6], "texture": "#5"},
				"south": {"uv": [6, 6, 6.5, 6.5], "texture": "#5"},
				"west": {"uv": [4, 6.5, 4.5, 7], "texture": "#5"},
				"up": {"uv": [7, 4.5, 6.5, 4], "texture": "#5"},
				"down": {"uv": [5, 6.5, 4.5, 7], "texture": "#5"}
			}
		},
		{
			"from": [-7, 16, -0.5],
			"to": [-6, 24, 0.5],
			"faces": {
				"north": {"uv": [2, 4, 2.5, 8], "texture": "#5"},
				"east": {"uv": [2.5, 4, 3, 8], "texture": "#5"},
				"south": {"uv": [3, 4, 3.5, 8], "texture": "#5"},
				"west": {"uv": [3.5, 4, 4, 8], "texture": "#5"},
				"up": {"uv": [7, 5, 6.5, 4.5], "texture": "#5"},
				"down": {"uv": [5.5, 6.5, 5, 7], "texture": "#5"}
			}
		},
		{
			"from": [-7, 24, -0.5],
			"to": [23, 25, 0.5],
			"faces": {
				"north": {"uv": [0, 2, 15, 2.5], "texture": "#5"},
				"east": {"uv": [6.5, 5, 7, 5.5], "texture": "#5"},
				"south": {"uv": [0, 2.5, 15, 3], "texture": "#5"},
				"west": {"uv": [5.5, 6.5, 6, 7], "texture": "#5"},
				"up": {"uv": [15, 3.5, 0, 3], "texture": "#5"},
				"down": {"uv": [15, 3.5, 0, 4], "texture": "#5"}
			}
		}
	],
	"groups": [
		{
			"name": "structure",
			"origin": [0, 0, 0],
			"color": 0,
			"children": [
				0,
				1,
				{
					"name": "group",
					"origin": [0, 0, 0],
					"color": 0,
					"children": [2, 3, 4, 5, 6, 7, 8, 9]
				},
				{
					"name": "group",
					"origin": [0, 0, 0],
					"color": 0,
					"children": [10, 11, 12, 13]
				},
				14,
				15,
				16,
				17,
				{
					"name": "group",
					"origin": [0, 0, 0],
					"color": 0,
					"children": [18, 19, 20, 21]
				},
				{
					"name": "group",
					"origin": [0, 0, 0],
					"color": 0,
					"children": [22, 23, 24, 25]
				},
				26,
				27,
				28,
				29
			]
		},
		{
			"name": "window",
			"origin": [8, 8, 8],
			"color": 0,
			"children": [30, 31, 32, 33, 34, 35, 36, 37]
		},
		{
			"name": "window",
			"origin": [8, 8, 8],
			"color": 0,
			"children": [
				38,
				39,
				40,
				{
					"name": "group",
					"origin": [0, 0, 0],
					"color": 0,
					"children": [41, 42, 43, 44, 45, 46, 47, 48]
				},
				{
					"name": "group",
					"origin": [0, 0, 0],
					"color": 0,
					"children": [49, 50, 51, 52, 53, 54, 55, 56]
				},
				57,
				58,
				59,
				60,
				61
			]
		}
	]
}