{"stats":{"minecraft:custom":{"minecraft:mob_kills":1,"minecraft:interact_with_anvil":1,"minecraft:open_barrel":34,"minecraft:open_shulker_box":1,"minecraft:leave_game":71,"minecraft:time_since_death":1701173,"minecraft:climb_one_cm":480,"minecraft:sprint_one_cm":1361684,"minecraft:walk_one_cm":3004019,"minecraft:drop":14,"minecraft:talked_to_villager":3,"minecraft:play_time":1701173,"minecraft:sneak_time":52801,"minecraft:interact_with_lectern":3,"minecraft:jump":10044,"minecraft:total_world_time":1985176,"minecraft:interact_with_cartography_table":2,"minecraft:time_since_rest":1701173,"minecraft:damage_taken":1000,"minecraft:damage_dealt":10,"minecraft:fly_one_cm":17753076,"minecraft:crouch_one_cm":74753,"minecraft:fall_one_cm":12861},"minecraft:dropped":{"minecraft:spruce_door":1,"minecraft:item_frame":1,"minecraft:dirt":1,"minecraft:wooden_axe":2,"minecraft:white_concrete":1,"minecraft:chain":1,"minecraft:dark_oak_door":1,"minecraft:green_concrete":1,"minecraft:prismarine":1,"minecraft:debug_stick":1,"minecraft:wandering_trader_spawn_egg":1,"minecraft:andesite_stairs":1,"minecraft:spruce_log":1},"minecraft:picked_up":{"minecraft:wooden_axe":1,"minecraft:birch_door":14,"minecraft:black_carpet":20,"minecraft:lead":2,"minecraft:potion":3,"minecraft:chain":1,"minecraft:moss_carpet":40,"minecraft:orange_concrete":3,"minecraft:item_frame":162,"minecraft:beef":4,"minecraft:written_book":16,"minecraft:azalea":6,"minecraft:poppy":12,"minecraft:light_gray_wool":1,"minecraft:egg":12,"minecraft:dark_oak_door":3,"minecraft:oak_door":70,"minecraft:stone_button":3,"minecraft:brown_carpet":6,"minecraft:yellow_terracotta":1,"minecraft:white_shulker_box":3,"minecraft:mutton":6,"minecraft:white_wool":2,"minecraft:iron_door":22,"minecraft:tripwire_hook":2,"minecraft:leather":2,"minecraft:filled_map":114,"minecraft:wandering_trader_spawn_egg":1,"minecraft:dirt":1,"minecraft:orange_terracotta":1,"minecraft:light_blue_banner":1,"minecraft:wheat_seeds":7,"minecraft:cyan_concrete":4,"minecraft:prismarine":1,"minecraft:flowering_azalea":5,"minecraft:debug_stick":1,"minecraft:white_stained_glass_pane":16,"minecraft:lime_concrete":1,"minecraft:sand":9,"minecraft:black_stained_glass_pane":6,"minecraft:spruce_log":1,"minecraft:red_terracotta":4,"minecraft:spruce_door":13,"minecraft:green_concrete":2,"minecraft:writable_book":1,"minecraft:light_blue_carpet":3,"minecraft:painting":2,"minecraft:birch_sign":2,"minecraft:white_concrete":1},"minecraft:used":{"minecraft:oak_fence":225,"minecraft:azalea":107,"minecraft:oak_trapdoor":115,"minecraft:moss_block":161,"minecraft:stripped_acacia_wood":14,"minecraft:light_blue_banner":15,"minecraft:moss_carpet":81,"minecraft:light_blue_stained_glass_pane":6,"minecraft:polished_blackstone_brick_slab":401,"minecraft:writable_book":10,"minecraft:iron_bars":47,"minecraft:light_gray_stained_glass_pane":49,"minecraft:flint_and_steel":6,"minecraft:orange_concrete":41,"minecraft:cut_red_sandstone_slab":5,"minecraft:smooth_quartz_slab":24,"minecraft:red_concrete":7,"minecraft:armor_stand":4,"minecraft:spruce_slab":65,"minecraft:ladder":3,"minecraft:oak_sign":1,"minecraft:black_carpet":89,"minecraft:white_concrete_powder":695,"minecraft:spruce_planks":155,"minecraft:tinted_glass":8,"minecraft:white_terracotta":188,"minecraft:stone":259,"minecraft:white_shulker_box":45,"minecraft:stripped_birch_wood":27,"minecraft:oak_door":252,"minecraft:spruce_leaves":173,"minecraft:debug_stick":386,"minecraft:green_glazed_terracotta":2,"minecraft:soul_sand":45,"minecraft:dirt":328,"minecraft:anvil":1,"minecraft:white_carpet":21,"minecraft:brick_slab":12,"minecraft:warped_door":2,"minecraft:jungle_planks":195,"minecraft:spruce_stairs":254,"minecraft:cobblestone_wall":2,"minecraft:jungle_slab":200,"minecraft:stone_stairs":57,"minecraft:orange_wool":3,"minecraft:jungle_trapdoor":16,"minecraft:tuff":339,"minecraft:spruce_fence":134,"minecraft:cyan_wool":68,"minecraft:blue_concrete":6,"minecraft:polished_diorite":420,"minecraft:birch_door":70,"minecraft:glass":37,"minecraft:dark_oak_planks":134,"minecraft:stone_brick_slab":6,"minecraft:packed_ice":22,"minecraft:flowering_azalea":19,"minecraft:bricks":160,"minecraft:bookshelf":234,"minecraft:spruce_wood":24,"minecraft:red_wool":119,"minecraft:black_stained_glass_pane":3,"minecraft:iron_block":443,"minecraft:grass_block":1184,"minecraft:oak_stairs":100,"minecraft:polished_deepslate_wall":3,"minecraft:warped_fence":8,"minecraft:acacia_slab":40,"minecraft:polished_andesite_stairs":202,"minecraft:green_wool":56,"minecraft:polished_blackstone_brick_stairs":498,"minecraft:dark_oak_slab":91,"minecraft:smooth_quartz":150,"minecraft:diorite_wall":20,"minecraft:prismarine_slab":355,"minecraft:stone_brick_stairs":80,"minecraft:stone_bricks":365,"minecraft:barrel":116,"minecraft:item_frame":206,"minecraft:yellow_concrete_powder":178,"minecraft:light_gray_wool":251,"minecraft:stripped_mangrove_log":6,"minecraft:tripwire_hook":24,"minecraft:red_carpet":36,"minecraft:warped_stairs":113,"minecraft:lime_concrete":11,"minecraft:brown_carpet":45,"minecraft:black_stained_glass":6,"minecraft:scaffolding":88,"minecraft:written_book":10,"minecraft:iron_trapdoor":24,"minecraft:soul_soil":30,"minecraft:oak_sapling":5,"minecraft:white_stained_glass_pane":189,"minecraft:acacia_fence":25,"minecraft:polished_diorite_stairs":132,"minecraft:red_dye":1,"minecraft:acacia_planks":20,"minecraft:orange_terracotta":1,"minecraft:orange_stained_glass_pane":8,"minecraft:dark_prismarine_stairs":33,"minecraft:light_blue_carpet":38,"minecraft:calcite":129,"minecraft:dark_oak_stairs":90,"minecraft:diorite":5,"minecraft:end_rod":36,"minecraft:spruce_door":76,"minecraft:cobblestone_stairs":33,"minecraft:snow_block":92,"minecraft:brick_wall":30,"minecraft:stripped_acacia_log":9,"minecraft:prismarine_brick_slab":343,"minecraft:birch_planks":45,"minecraft:stripped_birch_log":36,"minecraft:polished_andesite":37,"minecraft:prismarine":135,"minecraft:lime_wool":2,"minecraft:oak_planks":12,"minecraft:cartography_table":2,"minecraft:blue_wool":63,"minecraft:polished_diorite_slab":94,"minecraft:mossy_stone_brick_stairs":30,"minecraft:redstone_block":6,"minecraft:cauldron":22,"minecraft:glow_ink_sac":5,"minecraft:smooth_quartz_stairs":100,"minecraft:oak_leaves":25,"minecraft:polished_blackstone_bricks":123,"minecraft:white_wool":47,"minecraft:dark_oak_trapdoor":4,"minecraft:sand":19,"minecraft:lime_terracotta":14,"minecraft:yellow_terracotta":11,"minecraft:lime_stained_glass_pane":39,"minecraft:light_blue_concrete":202,"minecraft:oak_slab":23,"minecraft:red_bed":4,"minecraft:light_blue_wool":9,"minecraft:birch_sign":2,"minecraft:yellow_concrete":48,"minecraft:yellow_stained_glass_pane":17,"minecraft:ochre_froglight":89,"minecraft:stone_brick_wall":183,"minecraft:gray_concrete":1,"minecraft:painting":12,"minecraft:black_concrete_powder":985,"minecraft:spruce_log":307,"minecraft:warped_planks":61,"minecraft:dark_oak_door":12,"minecraft:oak_log":385,"minecraft:black_terracotta":27,"minecraft:blue_stained_glass_pane":269,"minecraft:green_concrete":276,"minecraft:black_wool":6,"minecraft:acacia_stairs":619,"minecraft:black_concrete":7,"minecraft:acacia_door":2,"minecraft:acacia_sign":1,"minecraft:mangrove_door":8,"minecraft:stripped_jungle_log":12,"minecraft:command_block":13,"minecraft:gray_stained_glass_pane":27,"minecraft:light_gray_concrete":490,"minecraft:map":2,"minecraft:warped_slab":236,"minecraft:brown_wool":5,"minecraft:string":18,"minecraft:stone_button":17,"minecraft:jungle_stairs":152,"minecraft:lectern":1,"minecraft:cyan_concrete":9,"minecraft:magenta_concrete":5,"minecraft:stone_slab":33,"minecraft:red_terracotta":2,"minecraft:spruce_trapdoor":11,"minecraft:oak_pressure_plate":6,"minecraft:gravel":35,"minecraft:iron_door":49,"minecraft:spruce_sapling":29,"minecraft:flowering_azalea_leaves":128,"minecraft:polished_andesite_slab":15,"minecraft:yellow_wool":54,"minecraft:blue_carpet":67,"minecraft:green_carpet":2,"minecraft:jungle_sign":1,"minecraft:brown_stained_glass_pane":2,"minecraft:cobblestone":159,"minecraft:potion":3,"minecraft:red_concrete_powder":2,"minecraft:dark_oak_fence":13,"minecraft:andesite":63,"minecraft:andesite_stairs":129,"minecraft:chain":129,"minecraft:chain_command_block":16,"minecraft:glass_pane":287,"minecraft:smooth_stone_slab":1140,"minecraft:polished_blackstone_button":4,"minecraft:white_concrete":5221,"minecraft:coarse_dirt":905,"minecraft:smooth_stone":1093,"minecraft:bone_meal":142,"minecraft:diorite_slab":5}},"DataVersion":3465}